image_path,mask_path,slide_id,mag,tumour_frac
data/processed/seg_patches/images/demo_seg_00_m5_y0_x0.png,data/processed/seg_patches/masks/demo_seg_00_m5_y0_x0.png,demo_seg_00,5,0.0
data/processed/seg_patches/images/demo_seg_00_m5_y0_x256.png,data/processed/seg_patches/masks/demo_seg_00_m5_y0_x256.png,demo_seg_00,5,0.0884
data/processed/seg_patches/images/demo_seg_00_m10_y0_x256.png,data/processed/seg_patches/masks/demo_seg_00_m10_y0_x256.png,demo_seg_00,10,0.0
data/processed/seg_patches/images/demo_seg_00_m10_y0_x512.png,data/processed/seg_patches/masks/demo_seg_00_m10_y0_x512.png,demo_seg_00,10,0.0355
data/processed/seg_patches/images/demo_seg_00_m10_y0_x768.png,data/processed/seg_patches/masks/demo_seg_00_m10_y0_x768.png,demo_seg_00,10,0.0538
data/processed/seg_patches/images/demo_seg_00_m10_y256_x0.png,data/processed/seg_patches/masks/demo_seg_00_m10_y256_x0.png,demo_seg_00,10,0.0
data/processed/seg_patches/images/demo_seg_00_m10_y256_x256.png,data/processed/seg_patches/masks/demo_seg_00_m10_y256_x256.png,demo_seg_00,10,0.0
data/processed/seg_patches/images/demo_seg_00_m10_y256_x768.png,data/processed/seg_patches/masks/demo_seg_00_m10_y256_x768.png,demo_seg_00,10,0.1512
data/processed/seg_patches/images/demo_seg_00_m10_y768_x256.png,data/processed/seg_patches/masks/demo_seg_00_m10_y768_x256.png,demo_seg_00,10,0.0536
data/processed/seg_patches/images/demo_seg_00_m10_y768_x512.png,data/processed/seg_patches/masks/demo_seg_00_m10_y768_x512.png,demo_seg_00,10,0.0
data/processed/seg_patches/images/demo_seg_00_m20_y0_x768.png,data/processed/seg_patches/masks/demo_seg_00_m20_y0_x768.png,demo_seg_00,20,0.0
data/processed/seg_patches/images/demo_seg_00_m20_y0_x1024.png,data/processed/seg_patches/masks/demo_seg_00_m20_y0_x1024.png,demo_seg_00,20,0.0
data/processed/seg_patches/images/demo_seg_00_m20_y0_x1280.png,data/processed/seg_patches/masks/demo_seg_00_m20_y0_x1280.png,demo_seg_00,20,0.0
data/processed/seg_patches/images/demo_seg_00_m20_y0_x1536.png,data/processed/seg_patches/masks/demo_seg_00_m20_y0_x1536.png,demo_seg_00,20,0.0
data/processed/seg_patches/images/demo_seg_00_m20_y256_x512.png,data/processed/seg_patches/masks/demo_seg_00_m20_y256_x512.png,demo_seg_00,20,0.0
data/processed/seg_patches/images/demo_seg_00_m20_y256_x768.png,data/processed/seg_patches/masks/demo_seg_00_m20_y256_x768.png,demo_seg_00,20,0.0
data/processed/seg_patches/images/demo_seg_00_m20_y256_x1024.png,data/processed/seg_patches/masks/demo_seg_00_m20_y256_x1024.png,demo_seg_00,20,0.0
data/processed/seg_patches/images/demo_seg_00_m20_y256_x1280.png,data/processed/seg_patches/masks/demo_seg_00_m20_y256_x1280.png,demo_seg_00,20,0.1437
data/processed/seg_patches/images/demo_seg_00_m20_y256_x1536.png,data/processed/seg_patches/masks/demo_seg_00_m20_y256_x1536.png,demo_seg_00,20,0.2162
data/processed/seg_patches/images/demo_seg_00_m20_y256_x1792.png,data/processed/seg_patches/masks/demo_seg_00_m20_y256_x1792.png,demo_seg_00,20,0.0
data/processed/seg_patches/images/demo_seg_00_m20_y512_x0.png,data/processed/seg_patches/masks/demo_seg_00_m20_y512_x0.png,demo_seg_00,20,0.0
data/processed/seg_patches/images/demo_seg_00_m20_y512_x256.png,data/processed/seg_patches/masks/demo_seg_00_m20_y512_x256.png,demo_seg_00,20,0.0
data/processed/seg_patches/images/demo_seg_00_m20_y512_x512.png,data/processed/seg_patches/masks/demo_seg_00_m20_y512_x512.png,demo_seg_00,20,0.0
data/processed/seg_patches/images/demo_seg_00_m20_y512_x768.png,data/processed/seg_patches/masks/demo_seg_00_m20_y512_x768.png,demo_seg_00,20,0.0
data/processed/seg_patches/images/demo_seg_00_m20_y512_x1024.png,data/processed/seg_patches/masks/demo_seg_00_m20_y512_x1024.png,demo_seg_00,20,0.0
data/processed/seg_patches/images/demo_seg_00_m20_y512_x1280.png,data/processed/seg_patches/masks/demo_seg_00_m20_y512_x1280.png,demo_seg_00,20,0.4495
data/processed/seg_patches/images/demo_seg_00_m20_y512_x1536.png,data/processed/seg_patches/masks/demo_seg_00_m20_y512_x1536.png,demo_seg_00,20,0.59
data/processed/seg_patches/images/demo_seg_00_m20_y512_x1792.png,data/processed/seg_patches/masks/demo_seg_00_m20_y512_x1792.png,demo_seg_00,20,0.0
data/processed/seg_patches/images/demo_seg_00_m20_y768_x0.png,data/processed/seg_patches/masks/demo_seg_00_m20_y768_x0.png,demo_seg_00,20,0.0
data/processed/seg_patches/images/demo_seg_00_m20_y768_x256.png,data/processed/seg_patches/masks/demo_seg_00_m20_y768_x256.png,demo_seg_00,20,0.0
data/processed/seg_patches/images/demo_seg_00_m20_y768_x512.png,data/processed/seg_patches/masks/demo_seg_00_m20_y768_x512.png,demo_seg_00,20,0.0
data/processed/seg_patches/images/demo_seg_00_m20_y768_x1536.png,data/processed/seg_patches/masks/demo_seg_00_m20_y768_x1536.png,demo_seg_00,20,0.0124
data/processed/seg_patches/images/demo_seg_00_m20_y768_x1792.png,data/processed/seg_patches/masks/demo_seg_00_m20_y768_x1792.png,demo_seg_00,20,0.0
data/processed/seg_patches/images/demo_seg_00_m20_y1024_x512.png,data/processed/seg_patches/masks/demo_seg_00_m20_y1024_x512.png,demo_seg_00,20,0.0
data/processed/seg_patches/images/demo_seg_00_m20_y1024_x1536.png,data/processed/seg_patches/masks/demo_seg_00_m20_y1024_x1536.png,demo_seg_00,20,0.0
data/processed/seg_patches/images/demo_seg_00_m20_y1280_x512.png,data/processed/seg_patches/masks/demo_seg_00_m20_y1280_x512.png,demo_seg_00,20,0.7953
data/processed/seg_patches/images/demo_seg_00_m20_y1280_x768.png,data/processed/seg_patches/masks/demo_seg_00_m20_y1280_x768.png,demo_seg_00,20,0.0114
data/processed/seg_patches/images/demo_seg_00_m20_y1536_x512.png,data/processed/seg_patches/masks/demo_seg_00_m20_y1536_x512.png,demo_seg_00,20,0.2099
data/processed/seg_patches/images/demo_seg_00_m20_y1536_x768.png,data/processed/seg_patches/masks/demo_seg_00_m20_y1536_x768.png,demo_seg_00,20,0.0031
data/processed/seg_patches/images/demo_seg_00_m20_y1536_x1024.png,data/processed/seg_patches/masks/demo_seg_00_m20_y1536_x1024.png,demo_seg_00,20,0.0
data/processed/seg_patches/images/demo_seg_00_m20_y1536_x1280.png,data/processed/seg_patches/masks/demo_seg_00_m20_y1536_x1280.png,demo_seg_00,20,0.0
data/processed/seg_patches/images/demo_seg_00_m20_y1792_x768.png,data/processed/seg_patches/masks/demo_seg_00_m20_y1792_x768.png,demo_seg_00,20,0.0
data/processed/seg_patches/images/demo_seg_00_m20_y1792_x1024.png,data/processed/seg_patches/masks/demo_seg_00_m20_y1792_x1024.png,demo_seg_00,20,0.0
data/processed/seg_patches/images/demo_seg_00_m20_y1792_x1280.png,data/processed/seg_patches/masks/demo_seg_00_m20_y1792_x1280.png,demo_seg_00,20,0.0
data/processed/seg_patches/images/demo_seg_01_m5_y0_x0.png,data/processed/seg_patches/masks/demo_seg_01_m5_y0_x0.png,demo_seg_01,5,0.1086
data/processed/seg_patches/images/demo_seg_01_m5_y0_x256.png,data/processed/seg_patches/masks/demo_seg_01_m5_y0_x256.png,demo_seg_01,5,0.135
data/processed/seg_patches/images/demo_seg_01_m5_y256_x0.png,data/processed/seg_patches/masks/demo_seg_01_m5_y256_x0.png,demo_seg_01,5,0.0188
data/processed/seg_patches/images/demo_seg_01_m5_y256_x256.png,data/processed/seg_patches/masks/demo_seg_01_m5_y256_x256.png,demo_seg_01,5,0.0006
data/processed/seg_patches/images/demo_seg_01_m10_y0_x256.png,data/processed/seg_patches/masks/demo_seg_01_m10_y0_x256.png,demo_seg_01,10,0.0
data/processed/seg_patches/images/demo_seg_01_m10_y0_x512.png,data/processed/seg_patches/masks/demo_seg_01_m10_y0_x512.png,demo_seg_01,10,0.0
data/processed/seg_patches/images/demo_seg_01_m10_y0_x768.png,data/processed/seg_patches/masks/demo_seg_01_m10_y0_x768.png,demo_seg_01,10,0.0
data/processed/seg_patches/images/demo_seg_01_m10_y256_x0.png,data/processed/seg_patches/masks/demo_seg_01_m10_y256_x0.png,demo_seg_01,10,0.0
data/processed/seg_patches/images/demo_seg_01_m10_y256_x256.png,data/processed/seg_patches/masks/demo_seg_01_m10_y256_x256.png,demo_seg_01,10,0.4366
data/processed/seg_patches/images/demo_seg_01_m10_y256_x512.png,data/processed/seg_patches/masks/demo_seg_01_m10_y256_x512.png,demo_seg_01,10,0.5391
data/processed/seg_patches/images/demo_seg_01_m10_y256_x768.png,data/processed/seg_patches/masks/demo_seg_01_m10_y256_x768.png,demo_seg_01,10,0.0
data/processed/seg_patches/images/demo_seg_01_m10_y512_x0.png,data/processed/seg_patches/masks/demo_seg_01_m10_y512_x0.png,demo_seg_01,10,0.0
data/processed/seg_patches/images/demo_seg_01_m10_y512_x256.png,data/processed/seg_patches/masks/demo_seg_01_m10_y512_x256.png,demo_seg_01,10,0.0744
data/processed/seg_patches/images/demo_seg_01_m10_y512_x512.png,data/processed/seg_patches/masks/demo_seg_01_m10_y512_x512.png,demo_seg_01,10,0.002
data/processed/seg_patches/images/demo_seg_01_m10_y512_x768.png,data/processed/seg_patches/masks/demo_seg_01_m10_y512_x768.png,demo_seg_01,10,0.0
data/processed/seg_patches/images/demo_seg_01_m10_y768_x0.png,data/processed/seg_patches/masks/demo_seg_01_m10_y768_x0.png,demo_seg_01,10,0.0
data/processed/seg_patches/images/demo_seg_01_m10_y768_x256.png,data/processed/seg_patches/masks/demo_seg_01_m10_y768_x256.png,demo_seg_01,10,0.0
data/processed/seg_patches/images/demo_seg_01_m10_y768_x512.png,data/processed/seg_patches/masks/demo_seg_01_m10_y768_x512.png,demo_seg_01,10,0.0
data/processed/seg_patches/images/demo_seg_01_m20_y0_x0.png,data/processed/seg_patches/masks/demo_seg_01_m20_y0_x0.png,demo_seg_01,20,0.0
data/processed/seg_patches/images/demo_seg_01_m20_y0_x512.png,data/processed/seg_patches/masks/demo_seg_01_m20_y0_x512.png,demo_seg_01,20,0.0
data/processed/seg_patches/images/demo_seg_01_m20_y0_x768.png,data/processed/seg_patches/masks/demo_seg_01_m20_y0_x768.png,demo_seg_01,20,0.0
data/processed/seg_patches/images/demo_seg_01_m20_y0_x1280.png,data/processed/seg_patches/masks/demo_seg_01_m20_y0_x1280.png,demo_seg_01,20,0.0
data/processed/seg_patches/images/demo_seg_01_m20_y0_x1536.png,data/processed/seg_patches/masks/demo_seg_01_m20_y0_x1536.png,demo_seg_01,20,0.0
data/processed/seg_patches/images/demo_seg_01_m20_y256_x256.png,data/processed/seg_patches/masks/demo_seg_01_m20_y256_x256.png,demo_seg_01,20,0.0
data/processed/seg_patches/images/demo_seg_01_m20_y256_x512.png,data/processed/seg_patches/masks/demo_seg_01_m20_y256_x512.png,demo_seg_01,20,0.0
data/processed/seg_patches/images/demo_seg_01_m20_y256_x1280.png,data/processed/seg_patches/masks/demo_seg_01_m20_y256_x1280.png,demo_seg_01,20,0.0
data/processed/seg_patches/images/demo_seg_01_m20_y256_x1536.png,data/processed/seg_patches/masks/demo_seg_01_m20_y256_x1536.png,demo_seg_01,20,0.0
data/processed/seg_patches/images/demo_seg_01_m20_y256_x1792.png,data/processed/seg_patches/masks/demo_seg_01_m20_y256_x1792.png,demo_seg_01,20,0.0
data/processed/seg_patches/images/demo_seg_01_m20_y512_x0.png,data/processed/seg_patches/masks/demo_seg_01_m20_y512_x0.png,demo_seg_01,20,0.0
data/processed/seg_patches/images/demo_seg_01_m20_y512_x256.png,data/processed/seg_patches/masks/demo_seg_01_m20_y512_x256.png,demo_seg_01,20,0.0
data/processed/seg_patches/images/demo_seg_01_m20_y512_x512.png,data/processed/seg_patches/masks/demo_seg_01_m20_y512_x512.png,demo_seg_01,20,0.0517
data/processed/seg_patches/images/demo_seg_01_m20_y512_x768.png,data/processed/seg_patches/masks/demo_seg_01_m20_y512_x768.png,demo_seg_01,20,0.2048
data/processed/seg_patches/images/demo_seg_01_m20_y512_x1024.png,data/processed/seg_patches/masks/demo_seg_01_m20_y512_x1024.png,demo_seg_01,20,0.8582
data/processed/seg_patches/images/demo_seg_01_m20_y512_x1280.png,data/processed/seg_patches/masks/demo_seg_01_m20_y512_x1280.png,demo_seg_01,20,0.4385
data/processed/seg_patches/images/demo_seg_01_m20_y512_x1536.png,data/processed/seg_patches/masks/demo_seg_01_m20_y512_x1536.png,demo_seg_01,20,0.0
data/processed/seg_patches/images/demo_seg_01_m20_y512_x1792.png,data/processed/seg_patches/masks/demo_seg_01_m20_y512_x1792.png,demo_seg_01,20,0.0
data/processed/seg_patches/images/demo_seg_01_m20_y768_x0.png,data/processed/seg_patches/masks/demo_seg_01_m20_y768_x0.png,demo_seg_01,20,0.0
data/processed/seg_patches/images/demo_seg_01_m20_y768_x256.png,data/processed/seg_patches/masks/demo_seg_01_m20_y768_x256.png,demo_seg_01,20,0.0
data/processed/seg_patches/images/demo_seg_01_m20_y768_x512.png,data/processed/seg_patches/masks/demo_seg_01_m20_y768_x512.png,demo_seg_01,20,0.4942
data/processed/seg_patches/images/demo_seg_01_m20_y768_x768.png,data/processed/seg_patches/masks/demo_seg_01_m20_y768_x768.png,demo_seg_01,20,1.0
data/processed/seg_patches/images/demo_seg_01_m20_y768_x1024.png,data/processed/seg_patches/masks/demo_seg_01_m20_y768_x1024.png,demo_seg_01,20,0.787
data/processed/seg_patches/images/demo_seg_01_m20_y768_x1280.png,data/processed/seg_patches/masks/demo_seg_01_m20_y768_x1280.png,demo_seg_01,20,0.0709
data/processed/seg_patches/images/demo_seg_01_m20_y768_x1536.png,data/processed/seg_patches/masks/demo_seg_01_m20_y768_x1536.png,demo_seg_01,20,0.0
data/processed/seg_patches/images/demo_seg_01_m20_y768_x1792.png,data/processed/seg_patches/masks/demo_seg_01_m20_y768_x1792.png,demo_seg_01,20,0.0
data/processed/seg_patches/images/demo_seg_01_m20_y1024_x0.png,data/processed/seg_patches/masks/demo_seg_01_m20_y1024_x0.png,demo_seg_01,20,0.0
data/processed/seg_patches/images/demo_seg_01_m20_y1024_x256.png,data/processed/seg_patches/masks/demo_seg_01_m20_y1024_x256.png,demo_seg_01,20,0.0
data/processed/seg_patches/images/demo_seg_01_m20_y1024_x512.png,data/processed/seg_patches/masks/demo_seg_01_m20_y1024_x512.png,demo_seg_01,20,0.0061
data/processed/seg_patches/images/demo_seg_01_m20_y1024_x768.png,data/processed/seg_patches/masks/demo_seg_01_m20_y1024_x768.png,demo_seg_01,20,0.2899
data/processed/seg_patches/images/demo_seg_01_m20_y1024_x1024.png,data/processed/seg_patches/masks/demo_seg_01_m20_y1024_x1024.png,demo_seg_01,20,0.0077
data/processed/seg_patches/images/demo_seg_01_m20_y1024_x1280.png,data/processed/seg_patches/masks/demo_seg_01_m20_y1024_x1280.png,demo_seg_01,20,0.0
data/processed/seg_patches/images/demo_seg_01_m20_y1024_x1536.png,data/processed/seg_patches/masks/demo_seg_01_m20_y1024_x1536.png,demo_seg_01,20,0.0
data/processed/seg_patches/images/demo_seg_01_m20_y1024_x1792.png,data/processed/seg_patches/masks/demo_seg_01_m20_y1024_x1792.png,demo_seg_01,20,0.0
data/processed/seg_patches/images/demo_seg_01_m20_y1280_x0.png,data/processed/seg_patches/masks/demo_seg_01_m20_y1280_x0.png,demo_seg_01,20,0.0
data/processed/seg_patches/images/demo_seg_01_m20_y1280_x256.png,data/processed/seg_patches/masks/demo_seg_01_m20_y1280_x256.png,demo_seg_01,20,0.0
data/processed/seg_patches/images/demo_seg_01_m20_y1280_x512.png,data/processed/seg_patches/masks/demo_seg_01_m20_y1280_x512.png,demo_seg_01,20,0.0
data/processed/seg_patches/images/demo_seg_01_m20_y1280_x768.png,data/processed/seg_patches/masks/demo_seg_01_m20_y1280_x768.png,demo_seg_01,20,0.0
data/processed/seg_patches/images/demo_seg_01_m20_y1280_x1024.png,data/processed/seg_patches/masks/demo_seg_01_m20_y1280_x1024.png,demo_seg_01,20,0.0
data/processed/seg_patches/images/demo_seg_01_m20_y1280_x1280.png,data/processed/seg_patches/masks/demo_seg_01_m20_y1280_x1280.png,demo_seg_01,20,0.0
data/processed/seg_patches/images/demo_seg_01_m20_y1280_x1536.png,data/processed/seg_patches/masks/demo_seg_01_m20_y1280_x1536.png,demo_seg_01,20,0.0
data/processed/seg_patches/images/demo_seg_01_m20_y1280_x1792.png,data/processed/seg_patches/masks/demo_seg_01_m20_y1280_x1792.png,demo_seg_01,20,0.0
data/processed/seg_patches/images/demo_seg_01_m20_y1536_x0.png,data/processed/seg_patches/masks/demo_seg_01_m20_y1536_x0.png,demo_seg_01,20,0.0
data/processed/seg_patches/images/demo_seg_01_m20_y1536_x256.png,data/processed/seg_patches/masks/demo_seg_01_m20_y1536_x256.png,demo_seg_01,20,0.0
data/processed/seg_patches/images/demo_seg_01_m20_y1536_x512.png,data/processed/seg_patches/masks/demo_seg_01_m20_y1536_x512.png,demo_seg_01,20,0.0
data/processed/seg_patches/images/demo_seg_01_m20_y1536_x768.png,data/processed/seg_patches/masks/demo_seg_01_m20_y1536_x768.png,demo_seg_01,20,0.0
data/processed/seg_patches/images/demo_seg_01_m20_y1536_x1024.png,data/processed/seg_patches/masks/demo_seg_01_m20_y1536_x1024.png,demo_seg_01,20,0.0
data/processed/seg_patches/images/demo_seg_01_m20_y1536_x1280.png,data/processed/seg_patches/masks/demo_seg_01_m20_y1536_x1280.png,demo_seg_01,20,0.0
data/processed/seg_patches/images/demo_seg_01_m20_y1536_x1536.png,data/processed/seg_patches/masks/demo_seg_01_m20_y1536_x1536.png,demo_seg_01,20,0.0
data/processed/seg_patches/images/demo_seg_01_m20_y1536_x1792.png,data/processed/seg_patches/masks/demo_seg_01_m20_y1536_x1792.png,demo_seg_01,20,0.0
data/processed/seg_patches/images/demo_seg_01_m20_y1792_x0.png,data/processed/seg_patches/masks/demo_seg_01_m20_y1792_x0.png,demo_seg_01,20,0.0
data/processed/seg_patches/images/demo_seg_01_m20_y1792_x256.png,data/processed/seg_patches/masks/demo_seg_01_m20_y1792_x256.png,demo_seg_01,20,0.0
data/processed/seg_patches/images/demo_seg_01_m20_y1792_x512.png,data/processed/seg_patches/masks/demo_seg_01_m20_y1792_x512.png,demo_seg_01,20,0.0
data/processed/seg_patches/images/demo_seg_01_m20_y1792_x768.png,data/processed/seg_patches/masks/demo_seg_01_m20_y1792_x768.png,demo_seg_01,20,0.0
data/processed/seg_patches/images/demo_seg_01_m20_y1792_x1024.png,data/processed/seg_patches/masks/demo_seg_01_m20_y1792_x1024.png,demo_seg_01,20,0.0
data/processed/seg_patches/images/demo_seg_01_m20_y1792_x1280.png,data/processed/seg_patches/masks/demo_seg_01_m20_y1792_x1280.png,demo_seg_01,20,0.0
data/processed/seg_patches/images/demo_seg_02_m5_y0_x0.png,data/processed/seg_patches/masks/demo_seg_02_m5_y0_x0.png,demo_seg_02,5,0.0123
data/processed/seg_patches/images/demo_seg_02_m10_y0_x256.png,data/processed/seg_patches/masks/demo_seg_02_m10_y0_x256.png,demo_seg_02,10,0.0
data/processed/seg_patches/images/demo_seg_02_m10_y0_x512.png,data/processed/seg_patches/masks/demo_seg_02_m10_y0_x512.png,demo_seg_02,10,0.0
data/processed/seg_patches/images/demo_seg_02_m10_y256_x0.png,data/processed/seg_patches/masks/demo_seg_02_m10_y256_x0.png,demo_seg_02,10,0.0422
data/processed/seg_patches/images/demo_seg_02_m10_y256_x512.png,data/processed/seg_patches/masks/demo_seg_02_m10_y256_x512.png,demo_seg_02,10,0.0461
data/processed/seg_patches/images/demo_seg_02_m10_y256_x768.png,data/processed/seg_patches/masks/demo_seg_02_m10_y256_x768.png,demo_seg_02,10,0.0
data/processed/seg_patches/images/demo_seg_02_m10_y512_x0.png,data/processed/seg_patches/masks/demo_seg_02_m10_y512_x0.png,demo_seg_02,10,0.1918
data/processed/seg_patches/images/demo_seg_02_m10_y768_x768.png,data/processed/seg_patches/masks/demo_seg_02_m10_y768_x768.png,demo_seg_02,10,0.0
data/processed/seg_patches/images/demo_seg_02_m20_y0_x768.png,data/processed/seg_patches/masks/demo_seg_02_m20_y0_x768.png,demo_seg_02,20,0.0
data/processed/seg_patches/images/demo_seg_02_m20_y256_x256.png,data/processed/seg_patches/masks/demo_seg_02_m20_y256_x256.png,demo_seg_02,20,0.0
data/processed/seg_patches/images/demo_seg_02_m20_y256_x512.png,data/processed/seg_patches/masks/demo_seg_02_m20_y256_x512.png,demo_seg_02,20,0.0
data/processed/seg_patches/images/demo_seg_02_m20_y256_x1024.png,data/processed/seg_patches/masks/demo_seg_02_m20_y256_x1024.png,demo_seg_02,20,0.0
data/processed/seg_patches/images/demo_seg_02_m20_y256_x1280.png,data/processed/seg_patches/masks/demo_seg_02_m20_y256_x1280.png,demo_seg_02,20,0.0
data/processed/seg_patches/images/demo_seg_02_m20_y256_x1536.png,data/processed/seg_patches/masks/demo_seg_02_m20_y256_x1536.png,demo_seg_02,20,0.0
data/processed/seg_patches/images/demo_seg_02_m20_y512_x0.png,data/processed/seg_patches/masks/demo_seg_02_m20_y512_x0.png,demo_seg_02,20,0.0
data/processed/seg_patches/images/demo_seg_02_m20_y512_x256.png,data/processed/seg_patches/masks/demo_seg_02_m20_y512_x256.png,demo_seg_02,20,0.0
data/processed/seg_patches/images/demo_seg_02_m20_y512_x512.png,data/processed/seg_patches/masks/demo_seg_02_m20_y512_x512.png,demo_seg_02,20,0.0
data/processed/seg_patches/images/demo_seg_02_m20_y512_x768.png,data/processed/seg_patches/masks/demo_seg_02_m20_y512_x768.png,demo_seg_02,20,0.0
data/processed/seg_patches/images/demo_seg_02_m20_y512_x1024.png,data/processed/seg_patches/masks/demo_seg_02_m20_y512_x1024.png,demo_seg_02,20,0.0
data/processed/seg_patches/images/demo_seg_02_m20_y512_x1280.png,data/processed/seg_patches/masks/demo_seg_02_m20_y512_x1280.png,demo_seg_02,20,0.0
data/processed/seg_patches/images/demo_seg_02_m20_y512_x1536.png,data/processed/seg_patches/masks/demo_seg_02_m20_y512_x1536.png,demo_seg_02,20,0.0
data/processed/seg_patches/images/demo_seg_02_m20_y512_x1792.png,data/processed/seg_patches/masks/demo_seg_02_m20_y512_x1792.png,demo_seg_02,20,0.0
data/processed/seg_patches/images/demo_seg_02_m20_y768_x0.png,data/processed/seg_patches/masks/demo_seg_02_m20_y768_x0.png,demo_seg_02,20,0.0
data/processed/seg_patches/images/demo_seg_02_m20_y768_x256.png,data/processed/seg_patches/masks/demo_seg_02_m20_y768_x256.png,demo_seg_02,20,0.1711
data/processed/seg_patches/images/demo_seg_02_m20_y768_x1024.png,data/processed/seg_patches/masks/demo_seg_02_m20_y768_x1024.png,demo_seg_02,20,0.1419
data/processed/seg_patches/images/demo_seg_02_m20_y768_x1536.png,data/processed/seg_patches/masks/demo_seg_02_m20_y768_x1536.png,demo_seg_02,20,0.0
data/processed/seg_patches/images/demo_seg_02_m20_y1024_x0.png,data/processed/seg_patches/masks/demo_seg_02_m20_y1024_x0.png,demo_seg_02,20,0.0041
data/processed/seg_patches/images/demo_seg_02_m20_y1024_x256.png,data/processed/seg_patches/masks/demo_seg_02_m20_y1024_x256.png,demo_seg_02,20,0.7633
data/processed/seg_patches/images/demo_seg_02_m20_y1024_x768.png,data/processed/seg_patches/masks/demo_seg_02_m20_y1024_x768.png,demo_seg_02,20,0.7847
data/processed/seg_patches/images/demo_seg_02_m20_y1024_x1024.png,data/processed/seg_patches/masks/demo_seg_02_m20_y1024_x1024.png,demo_seg_02,20,0.9618
data/processed/seg_patches/images/demo_seg_02_m20_y1024_x1280.png,data/processed/seg_patches/masks/demo_seg_02_m20_y1024_x1280.png,demo_seg_02,20,0.8746
data/processed/seg_patches/images/demo_seg_02_m20_y1280_x0.png,data/processed/seg_patches/masks/demo_seg_02_m20_y1280_x0.png,demo_seg_02,20,0.0
data/processed/seg_patches/images/demo_seg_02_m20_y1280_x256.png,data/processed/seg_patches/masks/demo_seg_02_m20_y1280_x256.png,demo_seg_02,20,0.0
data/processed/seg_patches/images/demo_seg_02_m20_y1280_x1280.png,data/processed/seg_patches/masks/demo_seg_02_m20_y1280_x1280.png,demo_seg_02,20,0.8371
data/processed/seg_patches/images/demo_seg_02_m20_y1280_x1536.png,data/processed/seg_patches/masks/demo_seg_02_m20_y1280_x1536.png,demo_seg_02,20,0.3445
data/processed/seg_patches/images/demo_seg_02_m20_y1536_x1536.png,data/processed/seg_patches/masks/demo_seg_02_m20_y1536_x1536.png,demo_seg_02,20,0.0
data/processed/seg_patches/images/demo_seg_02_m20_y1536_x1792.png,data/processed/seg_patches/masks/demo_seg_02_m20_y1536_x1792.png,demo_seg_02,20,0.0
data/processed/seg_patches/images/demo_seg_02_m20_y1792_x1536.png,data/processed/seg_patches/masks/demo_seg_02_m20_y1792_x1536.png,demo_seg_02,20,0.0
data/processed/seg_patches/images/demo_seg_02_m20_y1792_x1792.png,data/processed/seg_patches/masks/demo_seg_02_m20_y1792_x1792.png,demo_seg_02,20,0.0
data/processed/seg_patches/images/demo_seg_03_m5_y0_x0.png,data/processed/seg_patches/masks/demo_seg_03_m5_y0_x0.png,demo_seg_03,5,0.0553
data/processed/seg_patches/images/demo_seg_03_m5_y0_x256.png,data/processed/seg_patches/masks/demo_seg_03_m5_y0_x256.png,demo_seg_03,5,0.0023
data/processed/seg_patches/images/demo_seg_03_m5_y256_x0.png,data/processed/seg_patches/masks/demo_seg_03_m5_y256_x0.png,demo_seg_03,5,0.0017
data/processed/seg_patches/images/demo_seg_03_m5_y256_x256.png,data/processed/seg_patches/masks/demo_seg_03_m5_y256_x256.png,demo_seg_03,5,0.0743
data/processed/seg_patches/images/demo_seg_03_m10_y0_x256.png,data/processed/seg_patches/masks/demo_seg_03_m10_y0_x256.png,demo_seg_03,10,0.0
data/processed/seg_patches/images/demo_seg_03_m10_y0_x512.png,data/processed/seg_patches/masks/demo_seg_03_m10_y0_x512.png,demo_seg_03,10,0.0
data/processed/seg_patches/images/demo_seg_03_m10_y0_x768.png,data/processed/seg_patches/masks/demo_seg_03_m10_y0_x768.png,demo_seg_03,10,0.0
data/processed/seg_patches/images/demo_seg_03_m10_y256_x0.png,data/processed/seg_patches/masks/demo_seg_03_m10_y256_x0.png,demo_seg_03,10,0.0
data/processed/seg_patches/images/demo_seg_03_m10_y256_x256.png,data/processed/seg_patches/masks/demo_seg_03_m10_y256_x256.png,demo_seg_03,10,0.2215
data/processed/seg_patches/images/demo_seg_03_m10_y256_x512.png,data/processed/seg_patches/masks/demo_seg_03_m10_y256_x512.png,demo_seg_03,10,0.0099
data/processed/seg_patches/images/demo_seg_03_m10_y256_x768.png,data/processed/seg_patches/masks/demo_seg_03_m10_y256_x768.png,demo_seg_03,10,0.0
data/processed/seg_patches/images/demo_seg_03_m10_y512_x0.png,data/processed/seg_patches/masks/demo_seg_03_m10_y512_x0.png,demo_seg_03,10,0.0
data/processed/seg_patches/images/demo_seg_03_m10_y512_x256.png,data/processed/seg_patches/masks/demo_seg_03_m10_y512_x256.png,demo_seg_03,10,0.0074
data/processed/seg_patches/images/demo_seg_03_m10_y512_x512.png,data/processed/seg_patches/masks/demo_seg_03_m10_y512_x512.png,demo_seg_03,10,0.2956
data/processed/seg_patches/images/demo_seg_03_m10_y512_x768.png,data/processed/seg_patches/masks/demo_seg_03_m10_y512_x768.png,demo_seg_03,10,0.0
data/processed/seg_patches/images/demo_seg_03_m10_y768_x0.png,data/processed/seg_patches/masks/demo_seg_03_m10_y768_x0.png,demo_seg_03,10,0.0
data/processed/seg_patches/images/demo_seg_03_m10_y768_x256.png,data/processed/seg_patches/masks/demo_seg_03_m10_y768_x256.png,demo_seg_03,10,0.0
data/processed/seg_patches/images/demo_seg_03_m10_y768_x768.png,data/processed/seg_patches/masks/demo_seg_03_m10_y768_x768.png,demo_seg_03,10,0.0
data/processed/seg_patches/images/demo_seg_03_m20_y0_x0.png,data/processed/seg_patches/masks/demo_seg_03_m20_y0_x0.png,demo_seg_03,20,0.0
data/processed/seg_patches/images/demo_seg_03_m20_y0_x768.png,data/processed/seg_patches/masks/demo_seg_03_m20_y0_x768.png,demo_seg_03,20,0.0
data/processed/seg_patches/images/demo_seg_03_m20_y0_x1024.png,data/processed/seg_patches/masks/demo_seg_03_m20_y0_x1024.png,demo_seg_03,20,0.0
data/processed/seg_patches/images/demo_seg_03_m20_y0_x1280.png,data/processed/seg_patches/masks/demo_seg_03_m20_y0_x1280.png,demo_seg_03,20,0.0
data/processed/seg_patches/images/demo_seg_03_m20_y0_x1536.png,data/processed/seg_patches/masks/demo_seg_03_m20_y0_x1536.png,demo_seg_03,20,0.0
data/processed/seg_patches/images/demo_seg_03_m20_y256_x0.png,data/processed/seg_patches/masks/demo_seg_03_m20_y256_x0.png,demo_seg_03,20,0.0
data/processed/seg_patches/images/demo_seg_03_m20_y256_x512.png,data/processed/seg_patches/masks/demo_seg_03_m20_y256_x512.png,demo_seg_03,20,0.0
data/processed/seg_patches/images/demo_seg_03_m20_y256_x768.png,data/processed/seg_patches/masks/demo_seg_03_m20_y256_x768.png,demo_seg_03,20,0.0
data/processed/seg_patches/images/demo_seg_03_m20_y256_x1024.png,data/processed/seg_patches/masks/demo_seg_03_m20_y256_x1024.png,demo_seg_03,20,0.0
data/processed/seg_patches/images/demo_seg_03_m20_y256_x1280.png,data/processed/seg_patches/masks/demo_seg_03_m20_y256_x1280.png,demo_seg_03,20,0.0
data/processed/seg_patches/images/demo_seg_03_m20_y256_x1536.png,data/processed/seg_patches/masks/demo_seg_03_m20_y256_x1536.png,demo_seg_03,20,0.0
data/processed/seg_patches/images/demo_seg_03_m20_y512_x0.png,data/processed/seg_patches/masks/demo_seg_03_m20_y512_x0.png,demo_seg_03,20,0.0
data/processed/seg_patches/images/demo_seg_03_m20_y512_x256.png,data/processed/seg_patches/masks/demo_seg_03_m20_y512_x256.png,demo_seg_03,20,0.0
data/processed/seg_patches/images/demo_seg_03_m20_y512_x512.png,data/processed/seg_patches/masks/demo_seg_03_m20_y512_x512.png,demo_seg_03,20,0.0
data/processed/seg_patches/images/demo_seg_03_m20_y512_x768.png,data/processed/seg_patches/masks/demo_seg_03_m20_y512_x768.png,demo_seg_03,20,0.1385
data/processed/seg_patches/images/demo_seg_03_m20_y512_x1024.png,data/processed/seg_patches/masks/demo_seg_03_m20_y512_x1024.png,demo_seg_03,20,0.0
data/processed/seg_patches/images/demo_seg_03_m20_y512_x1280.png,data/processed/seg_patches/masks/demo_seg_03_m20_y512_x1280.png,demo_seg_03,20,0.0
data/processed/seg_patches/images/demo_seg_03_m20_y512_x1536.png,data/processed/seg_patches/masks/demo_seg_03_m20_y512_x1536.png,demo_seg_03,20,0.0
data/processed/seg_patches/images/demo_seg_03_m20_y768_x0.png,data/processed/seg_patches/masks/demo_seg_03_m20_y768_x0.png,demo_seg_03,20,0.0
data/processed/seg_patches/images/demo_seg_03_m20_y768_x256.png,data/processed/seg_patches/masks/demo_seg_03_m20_y768_x256.png,demo_seg_03,20,0.0
data/processed/seg_patches/images/demo_seg_03_m20_y768_x512.png,data/processed/seg_patches/masks/demo_seg_03_m20_y768_x512.png,demo_seg_03,20,0.1953
data/processed/seg_patches/images/demo_seg_03_m20_y768_x768.png,data/processed/seg_patches/masks/demo_seg_03_m20_y768_x768.png,demo_seg_03,20,0.5517
data/processed/seg_patches/images/demo_seg_03_m20_y768_x1024.png,data/processed/seg_patches/masks/demo_seg_03_m20_y768_x1024.png,demo_seg_03,20,0.041
data/processed/seg_patches/images/demo_seg_03_m20_y768_x1280.png,data/processed/seg_patches/masks/demo_seg_03_m20_y768_x1280.png,demo_seg_03,20,0.0
data/processed/seg_patches/images/demo_seg_03_m20_y768_x1536.png,data/processed/seg_patches/masks/demo_seg_03_m20_y768_x1536.png,demo_seg_03,20,0.0
data/processed/seg_patches/images/demo_seg_03_m20_y768_x1792.png,data/processed/seg_patches/masks/demo_seg_03_m20_y768_x1792.png,demo_seg_03,20,0.0
data/processed/seg_patches/images/demo_seg_03_m20_y1024_x0.png,data/processed/seg_patches/masks/demo_seg_03_m20_y1024_x0.png,demo_seg_03,20,0.0
data/processed/seg_patches/images/demo_seg_03_m20_y1024_x256.png,data/processed/seg_patches/masks/demo_seg_03_m20_y1024_x256.png,demo_seg_03,20,0.0
data/processed/seg_patches/images/demo_seg_03_m20_y1024_x512.png,data/processed/seg_patches/masks/demo_seg_03_m20_y1024_x512.png,demo_seg_03,20,0.0
data/processed/seg_patches/images/demo_seg_03_m20_y1024_x768.png,data/processed/seg_patches/masks/demo_seg_03_m20_y1024_x768.png,demo_seg_03,20,0.0311
data/processed/seg_patches/images/demo_seg_03_m20_y1024_x1024.png,data/processed/seg_patches/masks/demo_seg_03_m20_y1024_x1024.png,demo_seg_03,20,0.9648
data/processed/seg_patches/images/demo_seg_03_m20_y1024_x1280.png,data/processed/seg_patches/masks/demo_seg_03_m20_y1024_x1280.png,demo_seg_03,20,0.1746
data/processed/seg_patches/images/demo_seg_03_m20_y1024_x1536.png,data/processed/seg_patches/masks/demo_seg_03_m20_y1024_x1536.png,demo_seg_03,20,0.0
data/processed/seg_patches/images/demo_seg_03_m20_y1024_x1792.png,data/processed/seg_patches/masks/demo_seg_03_m20_y1024_x1792.png,demo_seg_03,20,0.0
data/processed/seg_patches/images/demo_seg_03_m20_y1280_x0.png,data/processed/seg_patches/masks/demo_seg_03_m20_y1280_x0.png,demo_seg_03,20,0.0
data/processed/seg_patches/images/demo_seg_03_m20_y1280_x256.png,data/processed/seg_patches/masks/demo_seg_03_m20_y1280_x256.png,demo_seg_03,20,0.0
data/processed/seg_patches/images/demo_seg_03_m20_y1280_x512.png,data/processed/seg_patches/masks/demo_seg_03_m20_y1280_x512.png,demo_seg_03,20,0.0
data/processed/seg_patches/images/demo_seg_03_m20_y1280_x768.png,data/processed/seg_patches/masks/demo_seg_03_m20_y1280_x768.png,demo_seg_03,20,0.0
data/processed/seg_patches/images/demo_seg_03_m20_y1280_x1024.png,data/processed/seg_patches/masks/demo_seg_03_m20_y1280_x1024.png,demo_seg_03,20,0.0388
data/processed/seg_patches/images/demo_seg_03_m20_y1280_x1280.png,data/processed/seg_patches/masks/demo_seg_03_m20_y1280_x1280.png,demo_seg_03,20,0.0008
data/processed/seg_patches/images/demo_seg_03_m20_y1280_x1536.png,data/processed/seg_patches/masks/demo_seg_03_m20_y1280_x1536.png,demo_seg_03,20,0.0
data/processed/seg_patches/images/demo_seg_03_m20_y1280_x1792.png,data/processed/seg_patches/masks/demo_seg_03_m20_y1280_x1792.png,demo_seg_03,20,0.0
data/processed/seg_patches/images/demo_seg_03_m20_y1536_x0.png,data/processed/seg_patches/masks/demo_seg_03_m20_y1536_x0.png,demo_seg_03,20,0.0
data/processed/seg_patches/images/demo_seg_03_m20_y1536_x256.png,data/processed/seg_patches/masks/demo_seg_03_m20_y1536_x256.png,demo_seg_03,20,0.0
data/processed/seg_patches/images/demo_seg_03_m20_y1536_x512.png,data/processed/seg_patches/masks/demo_seg_03_m20_y1536_x512.png,demo_seg_03,20,0.0
data/processed/seg_patches/images/demo_seg_03_m20_y1536_x1280.png,data/processed/seg_patches/masks/demo_seg_03_m20_y1536_x1280.png,demo_seg_03,20,0.0
data/processed/seg_patches/images/demo_seg_03_m20_y1536_x1536.png,data/processed/seg_patches/masks/demo_seg_03_m20_y1536_x1536.png,demo_seg_03,20,0.0
data/processed/seg_patches/images/demo_seg_03_m20_y1536_x1792.png,data/processed/seg_patches/masks/demo_seg_03_m20_y1536_x1792.png,demo_seg_03,20,0.0
data/processed/seg_patches/images/demo_seg_03_m20_y1792_x0.png,data/processed/seg_patches/masks/demo_seg_03_m20_y1792_x0.png,demo_seg_03,20,0.0
data/processed/seg_patches/images/demo_seg_03_m20_y1792_x256.png,data/processed/seg_patches/masks/demo_seg_03_m20_y1792_x256.png,demo_seg_03,20,0.0
data/processed/seg_patches/images/demo_seg_03_m20_y1792_x512.png,data/processed/seg_patches/masks/demo_seg_03_m20_y1792_x512.png,demo_seg_03,20,0.0
data/processed/seg_patches/images/demo_seg_03_m20_y1792_x768.png,data/processed/seg_patches/masks/demo_seg_03_m20_y1792_x768.png,demo_seg_03,20,0.0
data/processed/seg_patches/images/demo_seg_03_m20_y1792_x1536.png,data/processed/seg_patches/masks/demo_seg_03_m20_y1792_x1536.png,demo_seg_03,20,0.0
data/processed/seg_patches/images/demo_seg_03_m20_y1792_x1792.png,data/processed/seg_patches/masks/demo_seg_03_m20_y1792_x1792.png,demo_seg_03,20,0.0
data/processed/seg_patches/images/demo_seg_04_m10_y256_x256.png,data/processed/seg_patches/masks/demo_seg_04_m10_y256_x256.png,demo_seg_04,10,0.1242
data/processed/seg_patches/images/demo_seg_04_m20_y256_x512.png,data/processed/seg_patches/masks/demo_seg_04_m20_y256_x512.png,demo_seg_04,20,0.0
data/processed/seg_patches/images/demo_seg_04_m20_y512_x0.png,data/processed/seg_patches/masks/demo_seg_04_m20_y512_x0.png,demo_seg_04,20,0.0382
data/processed/seg_patches/images/demo_seg_04_m20_y512_x256.png,data/processed/seg_patches/masks/demo_seg_04_m20_y512_x256.png,demo_seg_04,20,0.6597
data/processed/seg_patches/images/demo_seg_04_m20_y512_x512.png,data/processed/seg_patches/masks/demo_seg_04_m20_y512_x512.png,demo_seg_04,20,0.2205
data/processed/seg_patches/images/demo_seg_04_m20_y768_x512.png,data/processed/seg_patches/masks/demo_seg_04_m20_y768_x512.png,demo_seg_04,20,0.2737
data/processed/seg_patches/images/demo_seg_05_m5_y0_x0.png,data/processed/seg_patches/masks/demo_seg_05_m5_y0_x0.png,demo_seg_05,5,0.1936
data/processed/seg_patches/images/demo_seg_05_m10_y0_x0.png,data/processed/seg_patches/masks/demo_seg_05_m10_y0_x0.png,demo_seg_05,10,0.0
data/processed/seg_patches/images/demo_seg_05_m10_y0_x256.png,data/processed/seg_patches/masks/demo_seg_05_m10_y0_x256.png,demo_seg_05,10,0.0807
data/processed/seg_patches/images/demo_seg_05_m10_y0_x512.png,data/processed/seg_patches/masks/demo_seg_05_m10_y0_x512.png,demo_seg_05,10,0.0
data/processed/seg_patches/images/demo_seg_05_m10_y256_x0.png,data/processed/seg_patches/masks/demo_seg_05_m10_y256_x0.png,demo_seg_05,10,0.2202
data/processed/seg_patches/images/demo_seg_05_m10_y256_x256.png,data/processed/seg_patches/masks/demo_seg_05_m10_y256_x256.png,demo_seg_05,10,0.4757
data/processed/seg_patches/images/demo_seg_05_m10_y512_x256.png,data/processed/seg_patches/masks/demo_seg_05_m10_y512_x256.png,demo_seg_05,10,0.5555
data/processed/seg_patches/images/demo_seg_05_m10_y768_x256.png,data/processed/seg_patches/masks/demo_seg_05_m10_y768_x256.png,demo_seg_05,10,0.065
data/processed/seg_patches/images/demo_seg_05_m10_y768_x512.png,data/processed/seg_patches/masks/demo_seg_05_m10_y768_x512.png,demo_seg_05,10,0.0155
data/processed/seg_patches/images/demo_seg_05_m20_y0_x0.png,data/processed/seg_patches/masks/demo_seg_05_m20_y0_x0.png,demo_seg_05,20,0.0
data/processed/seg_patches/images/demo_seg_05_m20_y0_x256.png,data/processed/seg_patches/masks/demo_seg_05_m20_y0_x256.png,demo_seg_05,20,0.0
data/processed/seg_patches/images/demo_seg_05_m20_y0_x768.png,data/processed/seg_patches/masks/demo_seg_05_m20_y0_x768.png,demo_seg_05,20,0.0
data/processed/seg_patches/images/demo_seg_05_m20_y0_x1024.png,data/processed/seg_patches/masks/demo_seg_05_m20_y0_x1024.png,demo_seg_05,20,0.0
data/processed/seg_patches/images/demo_seg_05_m20_y0_x1280.png,data/processed/seg_patches/masks/demo_seg_05_m20_y0_x1280.png,demo_seg_05,20,0.0
data/processed/seg_patches/images/demo_seg_05_m20_y0_x1536.png,data/processed/seg_patches/masks/demo_seg_05_m20_y0_x1536.png,demo_seg_05,20,0.0
data/processed/seg_patches/images/demo_seg_05_m20_y0_x1792.png,data/processed/seg_patches/masks/demo_seg_05_m20_y0_x1792.png,demo_seg_05,20,0.0
data/processed/seg_patches/images/demo_seg_05_m20_y256_x0.png,data/processed/seg_patches/masks/demo_seg_05_m20_y256_x0.png,demo_seg_05,20,0.0
data/processed/seg_patches/images/demo_seg_05_m20_y256_x512.png,data/processed/seg_patches/masks/demo_seg_05_m20_y256_x512.png,demo_seg_05,20,0.1162
data/processed/seg_patches/images/demo_seg_05_m20_y256_x768.png,data/processed/seg_patches/masks/demo_seg_05_m20_y256_x768.png,demo_seg_05,20,0.2086
data/processed/seg_patches/images/demo_seg_05_m20_y256_x1024.png,data/processed/seg_patches/masks/demo_seg_05_m20_y256_x1024.png,demo_seg_05,20,0.0
data/processed/seg_patches/images/demo_seg_05_m20_y512_x0.png,data/processed/seg_patches/masks/demo_seg_05_m20_y512_x0.png,demo_seg_05,20,0.0
data/processed/seg_patches/images/demo_seg_05_m20_y512_x512.png,data/processed/seg_patches/masks/demo_seg_05_m20_y512_x512.png,demo_seg_05,20,0.7252
data/processed/seg_patches/images/demo_seg_05_m20_y512_x768.png,data/processed/seg_patches/masks/demo_seg_05_m20_y512_x768.png,demo_seg_05,20,0.4076
data/processed/seg_patches/images/demo_seg_05_m20_y768_x0.png,data/processed/seg_patches/masks/demo_seg_05_m20_y768_x0.png,demo_seg_05,20,0.0
data/processed/seg_patches/images/demo_seg_05_m20_y768_x256.png,data/processed/seg_patches/masks/demo_seg_05_m20_y768_x256.png,demo_seg_05,20,0.8127
data/processed/seg_patches/images/demo_seg_05_m20_y768_x768.png,data/processed/seg_patches/masks/demo_seg_05_m20_y768_x768.png,demo_seg_05,20,0.123
data/processed/seg_patches/images/demo_seg_05_m20_y1024_x512.png,data/processed/seg_patches/masks/demo_seg_05_m20_y1024_x512.png,demo_seg_05,20,0.7398
data/processed/seg_patches/images/demo_seg_05_m20_y1024_x768.png,data/processed/seg_patches/masks/demo_seg_05_m20_y1024_x768.png,demo_seg_05,20,0.4474
data/processed/seg_patches/images/demo_seg_05_m20_y1024_x1792.png,data/processed/seg_patches/masks/demo_seg_05_m20_y1024_x1792.png,demo_seg_05,20,0.0
data/processed/seg_patches/images/demo_seg_05_m20_y1280_x512.png,data/processed/seg_patches/masks/demo_seg_05_m20_y1280_x512.png,demo_seg_05,20,0.0571
data/processed/seg_patches/images/demo_seg_05_m20_y1280_x768.png,data/processed/seg_patches/masks/demo_seg_05_m20_y1280_x768.png,demo_seg_05,20,0.9793
data/processed/seg_patches/images/demo_seg_05_m20_y1280_x1024.png,data/processed/seg_patches/masks/demo_seg_05_m20_y1280_x1024.png,demo_seg_05,20,0.7452
data/processed/seg_patches/images/demo_seg_05_m20_y1536_x256.png,data/processed/seg_patches/masks/demo_seg_05_m20_y1536_x256.png,demo_seg_05,20,0.0
data/processed/seg_patches/images/demo_seg_05_m20_y1536_x512.png,data/processed/seg_patches/masks/demo_seg_05_m20_y1536_x512.png,demo_seg_05,20,0.0006
data/processed/seg_patches/images/demo_seg_05_m20_y1536_x768.png,data/processed/seg_patches/masks/demo_seg_05_m20_y1536_x768.png,demo_seg_05,20,0.2576
data/processed/seg_patches/images/demo_seg_05_m20_y1536_x1024.png,data/processed/seg_patches/masks/demo_seg_05_m20_y1536_x1024.png,demo_seg_05,20,0.0609
data/processed/seg_patches/images/demo_seg_05_m20_y1792_x768.png,data/processed/seg_patches/masks/demo_seg_05_m20_y1792_x768.png,demo_seg_05,20,0.0
data/processed/seg_patches/images/demo_seg_05_m20_y1792_x1024.png,data/processed/seg_patches/masks/demo_seg_05_m20_y1792_x1024.png,demo_seg_05,20,0.0
data/processed/seg_patches/images/demo_seg_05_m20_y1792_x1280.png,data/processed/seg_patches/masks/demo_seg_05_m20_y1792_x1280.png,demo_seg_05,20,0.0
data/processed/seg_patches/images/demo_seg_07_m5_y0_x0.png,data/processed/seg_patches/masks/demo_seg_07_m5_y0_x0.png,demo_seg_07,5,0.0999
data/processed/seg_patches/images/demo_seg_07_m5_y0_x256.png,data/processed/seg_patches/masks/demo_seg_07_m5_y0_x256.png,demo_seg_07,5,0.1044
data/processed/seg_patches/images/demo_seg_07_m5_y256_x0.png,data/processed/seg_patches/masks/demo_seg_07_m5_y256_x0.png,demo_seg_07,5,0.026
data/processed/seg_patches/images/demo_seg_07_m5_y256_x256.png,data/processed/seg_patches/masks/demo_seg_07_m5_y256_x256.png,demo_seg_07,5,0.0644
data/processed/seg_patches/images/demo_seg_07_m10_y0_x512.png,data/processed/seg_patches/masks/demo_seg_07_m10_y0_x512.png,demo_seg_07,10,0.0
data/processed/seg_patches/images/demo_seg_07_m10_y256_x0.png,data/processed/seg_patches/masks/demo_seg_07_m10_y256_x0.png,demo_seg_07,10,0.0
data/processed/seg_patches/images/demo_seg_07_m10_y256_x512.png,data/processed/seg_patches/masks/demo_seg_07_m10_y256_x512.png,demo_seg_07,10,0.1485
data/processed/seg_patches/images/demo_seg_07_m10_y256_x768.png,data/processed/seg_patches/masks/demo_seg_07_m10_y256_x768.png,demo_seg_07,10,0.2698
data/processed/seg_patches/images/demo_seg_07_m10_y512_x0.png,data/processed/seg_patches/masks/demo_seg_07_m10_y512_x0.png,demo_seg_07,10,0.0
data/processed/seg_patches/images/demo_seg_07_m10_y512_x512.png,data/processed/seg_patches/masks/demo_seg_07_m10_y512_x512.png,demo_seg_07,10,0.1697
data/processed/seg_patches/images/demo_seg_07_m10_y768_x0.png,data/processed/seg_patches/masks/demo_seg_07_m10_y768_x0.png,demo_seg_07,10,0.0
data/processed/seg_patches/images/demo_seg_07_m10_y768_x256.png,data/processed/seg_patches/masks/demo_seg_07_m10_y768_x256.png,demo_seg_07,10,0.0104
data/processed/seg_patches/images/demo_seg_07_m10_y768_x512.png,data/processed/seg_patches/masks/demo_seg_07_m10_y768_x512.png,demo_seg_07,10,0.036
data/processed/seg_patches/images/demo_seg_07_m10_y768_x768.png,data/processed/seg_patches/masks/demo_seg_07_m10_y768_x768.png,demo_seg_07,10,0.0
data/processed/seg_patches/images/demo_seg_07_m20_y0_x1024.png,data/processed/seg_patches/masks/demo_seg_07_m20_y0_x1024.png,demo_seg_07,20,0.0
data/processed/seg_patches/images/demo_seg_07_m20_y256_x768.png,data/processed/seg_patches/masks/demo_seg_07_m20_y256_x768.png,demo_seg_07,20,0.0
data/processed/seg_patches/images/demo_seg_07_m20_y256_x1024.png,data/processed/seg_patches/masks/demo_seg_07_m20_y256_x1024.png,demo_seg_07,20,0.0
data/processed/seg_patches/images/demo_seg_07_m20_y512_x0.png,data/processed/seg_patches/masks/demo_seg_07_m20_y512_x0.png,demo_seg_07,20,0.0
data/processed/seg_patches/images/demo_seg_07_m20_y512_x256.png,data/processed/seg_patches/masks/demo_seg_07_m20_y512_x256.png,demo_seg_07,20,0.0
data/processed/seg_patches/images/demo_seg_07_m20_y512_x768.png,data/processed/seg_patches/masks/demo_seg_07_m20_y512_x768.png,demo_seg_07,20,0.7448
data/processed/seg_patches/images/demo_seg_07_m20_y512_x1024.png,data/processed/seg_patches/masks/demo_seg_07_m20_y512_x1024.png,demo_seg_07,20,0.1263
data/processed/seg_patches/images/demo_seg_07_m20_y512_x1280.png,data/processed/seg_patches/masks/demo_seg_07_m20_y512_x1280.png,demo_seg_07,20,0.0004
data/processed/seg_patches/images/demo_seg_07_m20_y512_x1536.png,data/processed/seg_patches/masks/demo_seg_07_m20_y512_x1536.png,demo_seg_07,20,0.0635
data/processed/seg_patches/images/demo_seg_07_m20_y512_x1792.png,data/processed/seg_patches/masks/demo_seg_07_m20_y512_x1792.png,demo_seg_07,20,0.0
data/processed/seg_patches/images/demo_seg_07_m20_y768_x0.png,data/processed/seg_patches/masks/demo_seg_07_m20_y768_x0.png,demo_seg_07,20,0.0
data/processed/seg_patches/images/demo_seg_07_m20_y768_x256.png,data/processed/seg_patches/masks/demo_seg_07_m20_y768_x256.png,demo_seg_07,20,0.0
data/processed/seg_patches/images/demo_seg_07_m20_y768_x768.png,data/processed/seg_patches/masks/demo_seg_07_m20_y768_x768.png,demo_seg_07,20,0.6255
data/processed/seg_patches/images/demo_seg_07_m20_y768_x1024.png,data/processed/seg_patches/masks/demo_seg_07_m20_y768_x1024.png,demo_seg_07,20,0.0413
data/processed/seg_patches/images/demo_seg_07_m20_y768_x1280.png,data/processed/seg_patches/masks/demo_seg_07_m20_y768_x1280.png,demo_seg_07,20,0.4269
data/processed/seg_patches/images/demo_seg_07_m20_y768_x1536.png,data/processed/seg_patches/masks/demo_seg_07_m20_y768_x1536.png,demo_seg_07,20,0.986
data/processed/seg_patches/images/demo_seg_07_m20_y1024_x0.png,data/processed/seg_patches/masks/demo_seg_07_m20_y1024_x0.png,demo_seg_07,20,0.0
data/processed/seg_patches/images/demo_seg_07_m20_y1024_x256.png,data/processed/seg_patches/masks/demo_seg_07_m20_y1024_x256.png,demo_seg_07,20,0.0
data/processed/seg_patches/images/demo_seg_07_m20_y1024_x512.png,data/processed/seg_patches/masks/demo_seg_07_m20_y1024_x512.png,demo_seg_07,20,0.0
data/processed/seg_patches/images/demo_seg_07_m20_y1024_x1280.png,data/processed/seg_patches/masks/demo_seg_07_m20_y1024_x1280.png,demo_seg_07,20,0.0739
data/processed/seg_patches/images/demo_seg_07_m20_y1280_x0.png,data/processed/seg_patches/masks/demo_seg_07_m20_y1280_x0.png,demo_seg_07,20,0.0
data/processed/seg_patches/images/demo_seg_07_m20_y1280_x1280.png,data/processed/seg_patches/masks/demo_seg_07_m20_y1280_x1280.png,demo_seg_07,20,0.0
data/processed/seg_patches/images/demo_seg_07_m20_y1280_x1536.png,data/processed/seg_patches/masks/demo_seg_07_m20_y1280_x1536.png,demo_seg_07,20,0.0
data/processed/seg_patches/images/demo_seg_07_m20_y1536_x0.png,data/processed/seg_patches/masks/demo_seg_07_m20_y1536_x0.png,demo_seg_07,20,0.0
data/processed/seg_patches/images/demo_seg_07_m20_y1536_x256.png,data/processed/seg_patches/masks/demo_seg_07_m20_y1536_x256.png,demo_seg_07,20,0.0
data/processed/seg_patches/images/demo_seg_07_m20_y1536_x512.png,data/processed/seg_patches/masks/demo_seg_07_m20_y1536_x512.png,demo_seg_07,20,0.0
data/processed/seg_patches/images/demo_seg_07_m20_y1536_x768.png,data/processed/seg_patches/masks/demo_seg_07_m20_y1536_x768.png,demo_seg_07,20,0.0413
data/processed/seg_patches/images/demo_seg_07_m20_y1536_x1280.png,data/processed/seg_patches/masks/demo_seg_07_m20_y1536_x1280.png,demo_seg_07,20,0.0
data/processed/seg_patches/images/demo_seg_07_m20_y1536_x1536.png,data/processed/seg_patches/masks/demo_seg_07_m20_y1536_x1536.png,demo_seg_07,20,0.0
data/processed/seg_patches/images/demo_seg_07_m20_y1536_x1792.png,data/processed/seg_patches/masks/demo_seg_07_m20_y1536_x1792.png,demo_seg_07,20,0.0
data/processed/seg_patches/images/demo_seg_07_m20_y1792_x256.png,data/processed/seg_patches/masks/demo_seg_07_m20_y1792_x256.png,demo_seg_07,20,0.0
data/processed/seg_patches/images/demo_seg_07_m20_y1792_x512.png,data/processed/seg_patches/masks/demo_seg_07_m20_y1792_x512.png,demo_seg_07,20,0.0
data/processed/seg_patches/images/demo_seg_07_m20_y1792_x768.png,data/processed/seg_patches/masks/demo_seg_07_m20_y1792_x768.png,demo_seg_07,20,0.0
data/processed/seg_patches/images/demo_seg_07_m20_y1792_x1024.png,data/processed/seg_patches/masks/demo_seg_07_m20_y1792_x1024.png,demo_seg_07,20,0.0
data/processed/seg_patches/images/demo_seg_07_m20_y1792_x1280.png,data/processed/seg_patches/masks/demo_seg_07_m20_y1792_x1280.png,demo_seg_07,20,0.0
data/processed/seg_patches/images/demo_seg_07_m20_y1792_x1536.png,data/processed/seg_patches/masks/demo_seg_07_m20_y1792_x1536.png,demo_seg_07,20,0.0
data/processed/seg_patches/images/demo_seg_08_m10_y0_x768.png,data/processed/seg_patches/masks/demo_seg_08_m10_y0_x768.png,demo_seg_08,10,0.0
data/processed/seg_patches/images/demo_seg_08_m10_y512_x0.png,data/processed/seg_patches/masks/demo_seg_08_m10_y512_x0.png,demo_seg_08,10,0.3165
data/processed/seg_patches/images/demo_seg_08_m20_y0_x1536.png,data/processed/seg_patches/masks/demo_seg_08_m20_y0_x1536.png,demo_seg_08,20,0.0
data/processed/seg_patches/images/demo_seg_08_m20_y0_x1792.png,data/processed/seg_patches/masks/demo_seg_08_m20_y0_x1792.png,demo_seg_08,20,0.0
data/processed/seg_patches/images/demo_seg_08_m20_y256_x1792.png,data/processed/seg_patches/masks/demo_seg_08_m20_y256_x1792.png,demo_seg_08,20,0.0
data/processed/seg_patches/images/demo_seg_08_m20_y768_x256.png,data/processed/seg_patches/masks/demo_seg_08_m20_y768_x256.png,demo_seg_08,20,0.1623
data/processed/seg_patches/images/demo_seg_08_m20_y768_x512.png,data/processed/seg_patches/masks/demo_seg_08_m20_y768_x512.png,demo_seg_08,20,0.7956
data/processed/seg_patches/images/demo_seg_08_m20_y1024_x0.png,data/processed/seg_patches/masks/demo_seg_08_m20_y1024_x0.png,demo_seg_08,20,0.0
data/processed/seg_patches/images/demo_seg_08_m20_y1280_x0.png,data/processed/seg_patches/masks/demo_seg_08_m20_y1280_x0.png,demo_seg_08,20,0.0
data/processed/seg_patches/images/demo_seg_08_m20_y1280_x256.png,data/processed/seg_patches/masks/demo_seg_08_m20_y1280_x256.png,demo_seg_08,20,0.4286
data/processed/seg_patches/images/demo_seg_08_m20_y1792_x0.png,data/processed/seg_patches/masks/demo_seg_08_m20_y1792_x0.png,demo_seg_08,20,0.0
data/processed/seg_patches/images/demo_seg_08_m20_y1792_x1024.png,data/processed/seg_patches/masks/demo_seg_08_m20_y1792_x1024.png,demo_seg_08,20,0.0
data/processed/seg_patches/images/demo_seg_08_m20_y1792_x1280.png,data/processed/seg_patches/masks/demo_seg_08_m20_y1792_x1280.png,demo_seg_08,20,0.0
data/processed/seg_patches/images/demo_seg_09_m5_y0_x0.png,data/processed/seg_patches/masks/demo_seg_09_m5_y0_x0.png,demo_seg_09,5,0.0408
data/processed/seg_patches/images/demo_seg_09_m5_y0_x256.png,data/processed/seg_patches/masks/demo_seg_09_m5_y0_x256.png,demo_seg_09,5,0.0967
data/processed/seg_patches/images/demo_seg_09_m5_y256_x0.png,data/processed/seg_patches/masks/demo_seg_09_m5_y256_x0.png,demo_seg_09,5,0.0219
data/processed/seg_patches/images/demo_seg_09_m5_y256_x256.png,data/processed/seg_patches/masks/demo_seg_09_m5_y256_x256.png,demo_seg_09,5,0.0092
data/processed/seg_patches/images/demo_seg_09_m10_y0_x0.png,data/processed/seg_patches/masks/demo_seg_09_m10_y0_x0.png,demo_seg_09,10,0.0
data/processed/seg_patches/images/demo_seg_09_m10_y0_x256.png,data/processed/seg_patches/masks/demo_seg_09_m10_y0_x256.png,demo_seg_09,10,0.0
data/processed/seg_patches/images/demo_seg_09_m10_y0_x512.png,data/processed/seg_patches/masks/demo_seg_09_m10_y0_x512.png,demo_seg_09,10,0.0195
data/processed/seg_patches/images/demo_seg_09_m10_y0_x768.png,data/processed/seg_patches/masks/demo_seg_09_m10_y0_x768.png,demo_seg_09,10,0.0
data/processed/seg_patches/images/demo_seg_09_m10_y256_x0.png,data/processed/seg_patches/masks/demo_seg_09_m10_y256_x0.png,demo_seg_09,10,0.0
data/processed/seg_patches/images/demo_seg_09_m10_y256_x256.png,data/processed/seg_patches/masks/demo_seg_09_m10_y256_x256.png,demo_seg_09,10,0.165
data/processed/seg_patches/images/demo_seg_09_m10_y256_x512.png,data/processed/seg_patches/masks/demo_seg_09_m10_y256_x512.png,demo_seg_09,10,0.3674
data/processed/seg_patches/images/demo_seg_09_m10_y256_x768.png,data/processed/seg_patches/masks/demo_seg_09_m10_y256_x768.png,demo_seg_09,10,0.0
data/processed/seg_patches/images/demo_seg_09_m10_y512_x0.png,data/processed/seg_patches/masks/demo_seg_09_m10_y512_x0.png,demo_seg_09,10,0.0
data/processed/seg_patches/images/demo_seg_09_m10_y512_x256.png,data/processed/seg_patches/masks/demo_seg_09_m10_y512_x256.png,demo_seg_09,10,0.0874
data/processed/seg_patches/images/demo_seg_09_m10_y512_x512.png,data/processed/seg_patches/masks/demo_seg_09_m10_y512_x512.png,demo_seg_09,10,0.0361
data/processed/seg_patches/images/demo_seg_09_m10_y512_x768.png,data/processed/seg_patches/masks/demo_seg_09_m10_y512_x768.png,demo_seg_09,10,0.0
data/processed/seg_patches/images/demo_seg_09_m10_y768_x0.png,data/processed/seg_patches/masks/demo_seg_09_m10_y768_x0.png,demo_seg_09,10,0.0
data/processed/seg_patches/images/demo_seg_09_m10_y768_x256.png,data/processed/seg_patches/masks/demo_seg_09_m10_y768_x256.png,demo_seg_09,10,0.0
data/processed/seg_patches/images/demo_seg_09_m10_y768_x512.png,data/processed/seg_patches/masks/demo_seg_09_m10_y768_x512.png,demo_seg_09,10,0.0
data/processed/seg_patches/images/demo_seg_09_m10_y768_x768.png,data/processed/seg_patches/masks/demo_seg_09_m10_y768_x768.png,demo_seg_09,10,0.0
data/processed/seg_patches/images/demo_seg_09_m20_y0_x256.png,data/processed/seg_patches/masks/demo_seg_09_m20_y0_x256.png,demo_seg_09,20,0.0
data/processed/seg_patches/images/demo_seg_09_m20_y0_x512.png,data/processed/seg_patches/masks/demo_seg_09_m20_y0_x512.png,demo_seg_09,20,0.0
data/processed/seg_patches/images/demo_seg_09_m20_y0_x768.png,data/processed/seg_patches/masks/demo_seg_09_m20_y0_x768.png,demo_seg_09,20,0.0
data/processed/seg_patches/images/demo_seg_09_m20_y0_x1024.png,data/processed/seg_patches/masks/demo_seg_09_m20_y0_x1024.png,demo_seg_09,20,0.0
data/processed/seg_patches/images/demo_seg_09_m20_y0_x1280.png,data/processed/seg_patches/masks/demo_seg_09_m20_y0_x1280.png,demo_seg_09,20,0.0
data/processed/seg_patches/images/demo_seg_09_m20_y0_x1536.png,data/processed/seg_patches/masks/demo_seg_09_m20_y0_x1536.png,demo_seg_09,20,0.0
data/processed/seg_patches/images/demo_seg_09_m20_y0_x1792.png,data/processed/seg_patches/masks/demo_seg_09_m20_y0_x1792.png,demo_seg_09,20,0.0
data/processed/seg_patches/images/demo_seg_09_m20_y256_x256.png,data/processed/seg_patches/masks/demo_seg_09_m20_y256_x256.png,demo_seg_09,20,0.0
data/processed/seg_patches/images/demo_seg_09_m20_y256_x512.png,data/processed/seg_patches/masks/demo_seg_09_m20_y256_x512.png,demo_seg_09,20,0.0
data/processed/seg_patches/images/demo_seg_09_m20_y256_x768.png,data/processed/seg_patches/masks/demo_seg_09_m20_y256_x768.png,demo_seg_09,20,0.0
data/processed/seg_patches/images/demo_seg_09_m20_y256_x1024.png,data/processed/seg_patches/masks/demo_seg_09_m20_y256_x1024.png,demo_seg_09,20,0.0795
data/processed/seg_patches/images/demo_seg_09_m20_y256_x1280.png,data/processed/seg_patches/masks/demo_seg_09_m20_y256_x1280.png,demo_seg_09,20,0.0
data/processed/seg_patches/images/demo_seg_09_m20_y256_x1536.png,data/processed/seg_patches/masks/demo_seg_09_m20_y256_x1536.png,demo_seg_09,20,0.0
data/processed/seg_patches/images/demo_seg_09_m20_y256_x1792.png,data/processed/seg_patches/masks/demo_seg_09_m20_y256_x1792.png,demo_seg_09,20,0.0
data/processed/seg_patches/images/demo_seg_09_m20_y512_x0.png,data/processed/seg_patches/masks/demo_seg_09_m20_y512_x0.png,demo_seg_09,20,0.0
data/processed/seg_patches/images/demo_seg_09_m20_y512_x512.png,data/processed/seg_patches/masks/demo_seg_09_m20_y512_x512.png,demo_seg_09,20,0.0
data/processed/seg_patches/images/demo_seg_09_m20_y512_x768.png,data/processed/seg_patches/masks/demo_seg_09_m20_y512_x768.png,demo_seg_09,20,0.0012
data/processed/seg_patches/images/demo_seg_09_m20_y512_x1024.png,data/processed/seg_patches/masks/demo_seg_09_m20_y512_x1024.png,demo_seg_09,20,0.9023
data/processed/seg_patches/images/demo_seg_09_m20_y512_x1280.png,data/processed/seg_patches/masks/demo_seg_09_m20_y512_x1280.png,demo_seg_09,20,0.2114
data/processed/seg_patches/images/demo_seg_09_m20_y512_x1536.png,data/processed/seg_patches/masks/demo_seg_09_m20_y512_x1536.png,demo_seg_09,20,0.0
data/processed/seg_patches/images/demo_seg_09_m20_y512_x1792.png,data/processed/seg_patches/masks/demo_seg_09_m20_y512_x1792.png,demo_seg_09,20,0.0
data/processed/seg_patches/images/demo_seg_09_m20_y768_x0.png,data/processed/seg_patches/masks/demo_seg_09_m20_y768_x0.png,demo_seg_09,20,0.0
data/processed/seg_patches/images/demo_seg_09_m20_y768_x256.png,data/processed/seg_patches/masks/demo_seg_09_m20_y768_x256.png,demo_seg_09,20,0.0
data/processed/seg_patches/images/demo_seg_09_m20_y768_x512.png,data/processed/seg_patches/masks/demo_seg_09_m20_y768_x512.png,demo_seg_09,20,0.0
data/processed/seg_patches/images/demo_seg_09_m20_y768_x768.png,data/processed/seg_patches/masks/demo_seg_09_m20_y768_x768.png,demo_seg_09,20,0.6625
data/processed/seg_patches/images/demo_seg_09_m20_y768_x1024.png,data/processed/seg_patches/masks/demo_seg_09_m20_y768_x1024.png,demo_seg_09,20,0.3409
data/processed/seg_patches/images/demo_seg_09_m20_y768_x1280.png,data/processed/seg_patches/masks/demo_seg_09_m20_y768_x1280.png,demo_seg_09,20,0.0117
data/processed/seg_patches/images/demo_seg_09_m20_y768_x1536.png,data/processed/seg_patches/masks/demo_seg_09_m20_y768_x1536.png,demo_seg_09,20,0.0
data/processed/seg_patches/images/demo_seg_09_m20_y768_x1792.png,data/processed/seg_patches/masks/demo_seg_09_m20_y768_x1792.png,demo_seg_09,20,0.0
data/processed/seg_patches/images/demo_seg_09_m20_y1024_x0.png,data/processed/seg_patches/masks/demo_seg_09_m20_y1024_x0.png,demo_seg_09,20,0.0
data/processed/seg_patches/images/demo_seg_09_m20_y1024_x256.png,data/processed/seg_patches/masks/demo_seg_09_m20_y1024_x256.png,demo_seg_09,20,0.0
data/processed/seg_patches/images/demo_seg_09_m20_y1024_x512.png,data/processed/seg_patches/masks/demo_seg_09_m20_y1024_x512.png,demo_seg_09,20,0.0
data/processed/seg_patches/images/demo_seg_09_m20_y1024_x768.png,data/processed/seg_patches/masks/demo_seg_09_m20_y1024_x768.png,demo_seg_09,20,0.3488
data/processed/seg_patches/images/demo_seg_09_m20_y1024_x1536.png,data/processed/seg_patches/masks/demo_seg_09_m20_y1024_x1536.png,demo_seg_09,20,0.0
data/processed/seg_patches/images/demo_seg_09_m20_y1024_x1792.png,data/processed/seg_patches/masks/demo_seg_09_m20_y1024_x1792.png,demo_seg_09,20,0.0
data/processed/seg_patches/images/demo_seg_09_m20_y1280_x0.png,data/processed/seg_patches/masks/demo_seg_09_m20_y1280_x0.png,demo_seg_09,20,0.0
data/processed/seg_patches/images/demo_seg_09_m20_y1280_x256.png,data/processed/seg_patches/masks/demo_seg_09_m20_y1280_x256.png,demo_seg_09,20,0.0
data/processed/seg_patches/images/demo_seg_09_m20_y1280_x512.png,data/processed/seg_patches/masks/demo_seg_09_m20_y1280_x512.png,demo_seg_09,20,0.0
data/processed/seg_patches/images/demo_seg_09_m20_y1280_x768.png,data/processed/seg_patches/masks/demo_seg_09_m20_y1280_x768.png,demo_seg_09,20,0.0
data/processed/seg_patches/images/demo_seg_09_m20_y1280_x1024.png,data/processed/seg_patches/masks/demo_seg_09_m20_y1280_x1024.png,demo_seg_09,20,0.0
data/processed/seg_patches/images/demo_seg_09_m20_y1280_x1280.png,data/processed/seg_patches/masks/demo_seg_09_m20_y1280_x1280.png,demo_seg_09,20,0.0
data/processed/seg_patches/images/demo_seg_09_m20_y1280_x1536.png,data/processed/seg_patches/masks/demo_seg_09_m20_y1280_x1536.png,demo_seg_09,20,0.0
data/processed/seg_patches/images/demo_seg_09_m20_y1280_x1792.png,data/processed/seg_patches/masks/demo_seg_09_m20_y1280_x1792.png,demo_seg_09,20,0.0
data/processed/seg_patches/images/demo_seg_09_m20_y1536_x0.png,data/processed/seg_patches/masks/demo_seg_09_m20_y1536_x0.png,demo_seg_09,20,0.0
data/processed/seg_patches/images/demo_seg_09_m20_y1536_x256.png,data/processed/seg_patches/masks/demo_seg_09_m20_y1536_x256.png,demo_seg_09,20,0.0
data/processed/seg_patches/images/demo_seg_09_m20_y1536_x512.png,data/processed/seg_patches/masks/demo_seg_09_m20_y1536_x512.png,demo_seg_09,20,0.0
data/processed/seg_patches/images/demo_seg_09_m20_y1536_x768.png,data/processed/seg_patches/masks/demo_seg_09_m20_y1536_x768.png,demo_seg_09,20,0.0
data/processed/seg_patches/images/demo_seg_09_m20_y1536_x1024.png,data/processed/seg_patches/masks/demo_seg_09_m20_y1536_x1024.png,demo_seg_09,20,0.0
data/processed/seg_patches/images/demo_seg_09_m20_y1536_x1280.png,data/processed/seg_patches/masks/demo_seg_09_m20_y1536_x1280.png,demo_seg_09,20,0.0
data/processed/seg_patches/images/demo_seg_09_m20_y1536_x1792.png,data/processed/seg_patches/masks/demo_seg_09_m20_y1536_x1792.png,demo_seg_09,20,0.0
data/processed/seg_patches/images/demo_seg_09_m20_y1792_x0.png,data/processed/seg_patches/masks/demo_seg_09_m20_y1792_x0.png,demo_seg_09,20,0.0
data/processed/seg_patches/images/demo_seg_09_m20_y1792_x256.png,data/processed/seg_patches/masks/demo_seg_09_m20_y1792_x256.png,demo_seg_09,20,0.0
data/processed/seg_patches/images/demo_seg_09_m20_y1792_x768.png,data/processed/seg_patches/masks/demo_seg_09_m20_y1792_x768.png,demo_seg_09,20,0.0
data/processed/seg_patches/images/demo_seg_09_m20_y1792_x1024.png,data/processed/seg_patches/masks/demo_seg_09_m20_y1792_x1024.png,demo_seg_09,20,0.0
data/processed/seg_patches/images/demo_seg_09_m20_y1792_x1280.png,data/processed/seg_patches/masks/demo_seg_09_m20_y1792_x1280.png,demo_seg_09,20,0.0
data/processed/seg_patches/images/demo_seg_09_m20_y1792_x1536.png,data/processed/seg_patches/masks/demo_seg_09_m20_y1792_x1536.png,demo_seg_09,20,0.0
data/processed/seg_patches/images/demo_seg_09_m20_y1792_x1792.png,data/processed/seg_patches/masks/demo_seg_09_m20_y1792_x1792.png,demo_seg_09,20,0.0
data/processed/seg_patches/images/demo_seg_10_m5_y0_x0.png,data/processed/seg_patches/masks/demo_seg_10_m5_y0_x0.png,demo_seg_10,5,0.094
data/processed/seg_patches/images/demo_seg_10_m5_y0_x256.png,data/processed/seg_patches/masks/demo_seg_10_m5_y0_x256.png,demo_seg_10,5,0.1017
data/processed/seg_patches/images/demo_seg_10_m5_y256_x0.png,data/processed/seg_patches/masks/demo_seg_10_m5_y256_x0.png,demo_seg_10,5,0.1067
data/processed/seg_patches/images/demo_seg_10_m5_y256_x256.png,data/processed/seg_patches/masks/demo_seg_10_m5_y256_x256.png,demo_seg_10,5,0.1456
data/processed/seg_patches/images/demo_seg_11_m5_y0_x0.png,data/processed/seg_patches/masks/demo_seg_11_m5_y0_x0.png,demo_seg_11,5,0.0
data/processed/seg_patches/images/demo_seg_11_m5_y0_x256.png,data/processed/seg_patches/masks/demo_seg_11_m5_y0_x256.png,demo_seg_11,5,0.2411
data/processed/seg_patches/images/demo_seg_11_m5_y256_x0.png,data/processed/seg_patches/masks/demo_seg_11_m5_y256_x0.png,demo_seg_11,5,0.1135
data/processed/seg_patches/images/demo_seg_11_m5_y256_x256.png,data/processed/seg_patches/masks/demo_seg_11_m5_y256_x256.png,demo_seg_11,5,0.0627
data/processed/seg_patches/images/demo_seg_11_m10_y0_x0.png,data/processed/seg_patches/masks/demo_seg_11_m10_y0_x0.png,demo_seg_11,10,0.0
data/processed/seg_patches/images/demo_seg_11_m10_y0_x256.png,data/processed/seg_patches/masks/demo_seg_11_m10_y0_x256.png,demo_seg_11,10,0.0
data/processed/seg_patches/images/demo_seg_11_m10_y0_x512.png,data/processed/seg_patches/masks/demo_seg_11_m10_y0_x512.png,demo_seg_11,10,0.2072
data/processed/seg_patches/images/demo_seg_11_m10_y0_x768.png,data/processed/seg_patches/masks/demo_seg_11_m10_y0_x768.png,demo_seg_11,10,0.1232
data/processed/seg_patches/images/demo_seg_11_m10_y256_x0.png,data/processed/seg_patches/masks/demo_seg_11_m10_y256_x0.png,demo_seg_11,10,0.0
data/processed/seg_patches/images/demo_seg_11_m10_y256_x256.png,data/processed/seg_patches/masks/demo_seg_11_m10_y256_x256.png,demo_seg_11,10,0.0
data/processed/seg_patches/images/demo_seg_11_m10_y256_x512.png,data/processed/seg_patches/masks/demo_seg_11_m10_y256_x512.png,demo_seg_11,10,0.5061
data/processed/seg_patches/images/demo_seg_11_m10_y256_x768.png,data/processed/seg_patches/masks/demo_seg_11_m10_y256_x768.png,demo_seg_11,10,0.1282
data/processed/seg_patches/images/demo_seg_11_m10_y512_x0.png,data/processed/seg_patches/masks/demo_seg_11_m10_y512_x0.png,demo_seg_11,10,0.0
data/processed/seg_patches/images/demo_seg_11_m10_y512_x256.png,data/processed/seg_patches/masks/demo_seg_11_m10_y512_x256.png,demo_seg_11,10,0.1279
data/processed/seg_patches/images/demo_seg_11_m10_y512_x512.png,data/processed/seg_patches/masks/demo_seg_11_m10_y512_x512.png,demo_seg_11,10,0.0372
data/processed/seg_patches/images/demo_seg_11_m10_y512_x768.png,data/processed/seg_patches/masks/demo_seg_11_m10_y512_x768.png,demo_seg_11,10,0.0
data/processed/seg_patches/images/demo_seg_11_m10_y768_x0.png,data/processed/seg_patches/masks/demo_seg_11_m10_y768_x0.png,demo_seg_11,10,0.0
data/processed/seg_patches/images/demo_seg_11_m10_y768_x256.png,data/processed/seg_patches/masks/demo_seg_11_m10_y768_x256.png,demo_seg_11,10,0.3273
data/processed/seg_patches/images/demo_seg_11_m10_y768_x512.png,data/processed/seg_patches/masks/demo_seg_11_m10_y768_x512.png,demo_seg_11,10,0.2125
data/processed/seg_patches/images/demo_seg_11_m10_y768_x768.png,data/processed/seg_patches/masks/demo_seg_11_m10_y768_x768.png,demo_seg_11,10,0.0
data/processed/seg_patches/images/demo_seg_11_m20_y0_x0.png,data/processed/seg_patches/masks/demo_seg_11_m20_y0_x0.png,demo_seg_11,20,0.0
data/processed/seg_patches/images/demo_seg_11_m20_y0_x768.png,data/processed/seg_patches/masks/demo_seg_11_m20_y0_x768.png,demo_seg_11,20,0.0
data/processed/seg_patches/images/demo_seg_11_m20_y0_x1024.png,data/processed/seg_patches/masks/demo_seg_11_m20_y0_x1024.png,demo_seg_11,20,0.0
data/processed/seg_patches/images/demo_seg_11_m20_y0_x1280.png,data/processed/seg_patches/masks/demo_seg_11_m20_y0_x1280.png,demo_seg_11,20,0.0
data/processed/seg_patches/images/demo_seg_11_m20_y0_x1536.png,data/processed/seg_patches/masks/demo_seg_11_m20_y0_x1536.png,demo_seg_11,20,0.0
data/processed/seg_patches/images/demo_seg_11_m20_y0_x1792.png,data/processed/seg_patches/masks/demo_seg_11_m20_y0_x1792.png,demo_seg_11,20,0.0
data/processed/seg_patches/images/demo_seg_11_m20_y256_x0.png,data/processed/seg_patches/masks/demo_seg_11_m20_y256_x0.png,demo_seg_11,20,0.0
data/processed/seg_patches/images/demo_seg_11_m20_y256_x256.png,data/processed/seg_patches/masks/demo_seg_11_m20_y256_x256.png,demo_seg_11,20,0.0
data/processed/seg_patches/images/demo_seg_11_m20_y256_x512.png,data/processed/seg_patches/masks/demo_seg_11_m20_y256_x512.png,demo_seg_11,20,0.0
data/processed/seg_patches/images/demo_seg_11_m20_y256_x768.png,data/processed/seg_patches/masks/demo_seg_11_m20_y256_x768.png,demo_seg_11,20,0.0
data/processed/seg_patches/images/demo_seg_11_m20_y256_x1024.png,data/processed/seg_patches/masks/demo_seg_11_m20_y256_x1024.png,demo_seg_11,20,0.0094
data/processed/seg_patches/images/demo_seg_11_m20_y256_x1280.png,data/processed/seg_patches/masks/demo_seg_11_m20_y256_x1280.png,demo_seg_11,20,0.8227
data/processed/seg_patches/images/demo_seg_11_m20_y256_x1536.png,data/processed/seg_patches/masks/demo_seg_11_m20_y256_x1536.png,demo_seg_11,20,0.4926
data/processed/seg_patches/images/demo_seg_11_m20_y256_x1792.png,data/processed/seg_patches/masks/demo_seg_11_m20_y256_x1792.png,demo_seg_11,20,0.0
data/processed/seg_patches/images/demo_seg_11_m20_y512_x0.png,data/processed/seg_patches/masks/demo_seg_11_m20_y512_x0.png,demo_seg_11,20,0.0
data/processed/seg_patches/images/demo_seg_11_m20_y512_x256.png,data/processed/seg_patches/masks/demo_seg_11_m20_y512_x256.png,demo_seg_11,20,0.0
data/processed/seg_patches/images/demo_seg_11_m20_y512_x512.png,data/processed/seg_patches/masks/demo_seg_11_m20_y512_x512.png,demo_seg_11,20,0.0
data/processed/seg_patches/images/demo_seg_11_m20_y512_x768.png,data/processed/seg_patches/masks/demo_seg_11_m20_y512_x768.png,demo_seg_11,20,0.0
data/processed/seg_patches/images/demo_seg_11_m20_y512_x1024.png,data/processed/seg_patches/masks/demo_seg_11_m20_y512_x1024.png,demo_seg_11,20,0.1777
data/processed/seg_patches/images/demo_seg_11_m20_y512_x1280.png,data/processed/seg_patches/masks/demo_seg_11_m20_y512_x1280.png,demo_seg_11,20,0.9464
data/processed/seg_patches/images/demo_seg_11_m20_y512_x1536.png,data/processed/seg_patches/masks/demo_seg_11_m20_y512_x1536.png,demo_seg_11,20,0.5101
data/processed/seg_patches/images/demo_seg_11_m20_y512_x1792.png,data/processed/seg_patches/masks/demo_seg_11_m20_y512_x1792.png,demo_seg_11,20,0.0
data/processed/seg_patches/images/demo_seg_11_m20_y768_x0.png,data/processed/seg_patches/masks/demo_seg_11_m20_y768_x0.png,demo_seg_11,20,0.0
data/processed/seg_patches/images/demo_seg_11_m20_y768_x256.png,data/processed/seg_patches/masks/demo_seg_11_m20_y768_x256.png,demo_seg_11,20,0.0
data/processed/seg_patches/images/demo_seg_11_m20_y768_x512.png,data/processed/seg_patches/masks/demo_seg_11_m20_y768_x512.png,demo_seg_11,20,0.0
data/processed/seg_patches/images/demo_seg_11_m20_y768_x768.png,data/processed/seg_patches/masks/demo_seg_11_m20_y768_x768.png,demo_seg_11,20,0.0
data/processed/seg_patches/images/demo_seg_11_m20_y768_x1024.png,data/processed/seg_patches/masks/demo_seg_11_m20_y768_x1024.png,demo_seg_11,20,0.2351
data/processed/seg_patches/images/demo_seg_11_m20_y768_x1280.png,data/processed/seg_patches/masks/demo_seg_11_m20_y768_x1280.png,demo_seg_11,20,0.6642
data/processed/seg_patches/images/demo_seg_11_m20_y768_x1536.png,data/processed/seg_patches/masks/demo_seg_11_m20_y768_x1536.png,demo_seg_11,20,0.0
data/processed/seg_patches/images/demo_seg_11_m20_y1024_x0.png,data/processed/seg_patches/masks/demo_seg_11_m20_y1024_x0.png,demo_seg_11,20,0.0
data/processed/seg_patches/images/demo_seg_11_m20_y1024_x256.png,data/processed/seg_patches/masks/demo_seg_11_m20_y1024_x256.png,demo_seg_11,20,0.0
data/processed/seg_patches/images/demo_seg_11_m20_y1024_x512.png,data/processed/seg_patches/masks/demo_seg_11_m20_y1024_x512.png,demo_seg_11,20,0.0
data/processed/seg_patches/images/demo_seg_11_m20_y1024_x768.png,data/processed/seg_patches/masks/demo_seg_11_m20_y1024_x768.png,demo_seg_11,20,0.0
data/processed/seg_patches/images/demo_seg_11_m20_y1024_x1024.png,data/processed/seg_patches/masks/demo_seg_11_m20_y1024_x1024.png,demo_seg_11,20,0.0
data/processed/seg_patches/images/demo_seg_11_m20_y1024_x1280.png,data/processed/seg_patches/masks/demo_seg_11_m20_y1024_x1280.png,demo_seg_11,20,0.0
data/processed/seg_patches/images/demo_seg_11_m20_y1024_x1536.png,data/processed/seg_patches/masks/demo_seg_11_m20_y1024_x1536.png,demo_seg_11,20,0.0
data/processed/seg_patches/images/demo_seg_11_m20_y1280_x0.png,data/processed/seg_patches/masks/demo_seg_11_m20_y1280_x0.png,demo_seg_11,20,0.0
data/processed/seg_patches/images/demo_seg_11_m20_y1280_x256.png,data/processed/seg_patches/masks/demo_seg_11_m20_y1280_x256.png,demo_seg_11,20,0.0
data/processed/seg_patches/images/demo_seg_11_m20_y1280_x512.png,data/processed/seg_patches/masks/demo_seg_11_m20_y1280_x512.png,demo_seg_11,20,0.1883
data/processed/seg_patches/images/demo_seg_11_m20_y1280_x768.png,data/processed/seg_patches/masks/demo_seg_11_m20_y1280_x768.png,demo_seg_11,20,0.327
data/processed/seg_patches/images/demo_seg_11_m20_y1280_x1024.png,data/processed/seg_patches/masks/demo_seg_11_m20_y1280_x1024.png,demo_seg_11,20,0.1493
data/processed/seg_patches/images/demo_seg_11_m20_y1280_x1280.png,data/processed/seg_patches/masks/demo_seg_11_m20_y1280_x1280.png,demo_seg_11,20,0.0
data/processed/seg_patches/images/demo_seg_11_m20_y1280_x1536.png,data/processed/seg_patches/masks/demo_seg_11_m20_y1280_x1536.png,demo_seg_11,20,0.0
data/processed/seg_patches/images/demo_seg_11_m20_y1536_x256.png,data/processed/seg_patches/masks/demo_seg_11_m20_y1536_x256.png,demo_seg_11,20,0.0
data/processed/seg_patches/images/demo_seg_11_m20_y1536_x512.png,data/processed/seg_patches/masks/demo_seg_11_m20_y1536_x512.png,demo_seg_11,20,0.2337
data/processed/seg_patches/images/demo_seg_11_m20_y1536_x768.png,data/processed/seg_patches/masks/demo_seg_11_m20_y1536_x768.png,demo_seg_11,20,0.9313
data/processed/seg_patches/images/demo_seg_11_m20_y1536_x1024.png,data/processed/seg_patches/masks/demo_seg_11_m20_y1536_x1024.png,demo_seg_11,20,0.6957
data/processed/seg_patches/images/demo_seg_11_m20_y1536_x1280.png,data/processed/seg_patches/masks/demo_seg_11_m20_y1536_x1280.png,demo_seg_11,20,0.0
data/processed/seg_patches/images/demo_seg_11_m20_y1536_x1536.png,data/processed/seg_patches/masks/demo_seg_11_m20_y1536_x1536.png,demo_seg_11,20,0.0
data/processed/seg_patches/images/demo_seg_11_m20_y1536_x1792.png,data/processed/seg_patches/masks/demo_seg_11_m20_y1536_x1792.png,demo_seg_11,20,0.0
data/processed/seg_patches/images/demo_seg_11_m20_y1792_x0.png,data/processed/seg_patches/masks/demo_seg_11_m20_y1792_x0.png,demo_seg_11,20,0.0
data/processed/seg_patches/images/demo_seg_11_m20_y1792_x256.png,data/processed/seg_patches/masks/demo_seg_11_m20_y1792_x256.png,demo_seg_11,20,0.0
data/processed/seg_patches/images/demo_seg_11_m20_y1792_x768.png,data/processed/seg_patches/masks/demo_seg_11_m20_y1792_x768.png,demo_seg_11,20,0.1437
data/processed/seg_patches/images/demo_seg_11_m20_y1792_x1536.png,data/processed/seg_patches/masks/demo_seg_11_m20_y1792_x1536.png,demo_seg_11,20,0.0
data/processed/seg_patches/images/demo_seg_11_m20_y1792_x1792.png,data/processed/seg_patches/masks/demo_seg_11_m20_y1792_x1792.png,demo_seg_11,20,0.0
data/processed/seg_patches/images/demo_seg_12_m5_y0_x256.png,data/processed/seg_patches/masks/demo_seg_12_m5_y0_x256.png,demo_seg_12,5,0.0047
data/processed/seg_patches/images/demo_seg_12_m5_y256_x0.png,data/processed/seg_patches/masks/demo_seg_12_m5_y256_x0.png,demo_seg_12,5,0.1664
data/processed/seg_patches/images/demo_seg_12_m5_y256_x256.png,data/processed/seg_patches/masks/demo_seg_12_m5_y256_x256.png,demo_seg_12,5,0.0
data/processed/seg_patches/images/demo_seg_12_m10_y0_x0.png,data/processed/seg_patches/masks/demo_seg_12_m10_y0_x0.png,demo_seg_12,10,0.0
data/processed/seg_patches/images/demo_seg_12_m10_y256_x512.png,data/processed/seg_patches/masks/demo_seg_12_m10_y256_x512.png,demo_seg_12,10,0.0179
data/processed/seg_patches/images/demo_seg_12_m10_y256_x768.png,data/processed/seg_patches/masks/demo_seg_12_m10_y256_x768.png,demo_seg_12,10,0.0
data/processed/seg_patches/images/demo_seg_12_m10_y512_x0.png,data/processed/seg_patches/masks/demo_seg_12_m10_y512_x0.png,demo_seg_12,10,0.0531
data/processed/seg_patches/images/demo_seg_12_m10_y512_x256.png,data/processed/seg_patches/masks/demo_seg_12_m10_y512_x256.png,demo_seg_12,10,0.6118
data/processed/seg_patches/images/demo_seg_12_m10_y512_x512.png,data/processed/seg_patches/masks/demo_seg_12_m10_y512_x512.png,demo_seg_12,10,0.0
data/processed/seg_patches/images/demo_seg_12_m10_y512_x768.png,data/processed/seg_patches/masks/demo_seg_12_m10_y512_x768.png,demo_seg_12,10,0.0
data/processed/seg_patches/images/demo_seg_12_m10_y768_x0.png,data/processed/seg_patches/masks/demo_seg_12_m10_y768_x0.png,demo_seg_12,10,0.0
data/processed/seg_patches/images/demo_seg_12_m10_y768_x768.png,data/processed/seg_patches/masks/demo_seg_12_m10_y768_x768.png,demo_seg_12,10,0.0
data/processed/seg_patches/images/demo_seg_12_m20_y0_x0.png,data/processed/seg_patches/masks/demo_seg_12_m20_y0_x0.png,demo_seg_12,20,0.0
data/processed/seg_patches/images/demo_seg_12_m20_y0_x256.png,data/processed/seg_patches/masks/demo_seg_12_m20_y0_x256.png,demo_seg_12,20,0.0
data/processed/seg_patches/images/demo_seg_12_m20_y0_x768.png,data/processed/seg_patches/masks/demo_seg_12_m20_y0_x768.png,demo_seg_12,20,0.0
data/processed/seg_patches/images/demo_seg_12_m20_y0_x1024.png,data/processed/seg_patches/masks/demo_seg_12_m20_y0_x1024.png,demo_seg_12,20,0.0
data/processed/seg_patches/images/demo_seg_12_m20_y0_x1280.png,data/processed/seg_patches/masks/demo_seg_12_m20_y0_x1280.png,demo_seg_12,20,0.0
data/processed/seg_patches/images/demo_seg_12_m20_y0_x1536.png,data/processed/seg_patches/masks/demo_seg_12_m20_y0_x1536.png,demo_seg_12,20,0.0
data/processed/seg_patches/images/demo_seg_12_m20_y256_x1536.png,data/processed/seg_patches/masks/demo_seg_12_m20_y256_x1536.png,demo_seg_12,20,0.0
data/processed/seg_patches/images/demo_seg_12_m20_y512_x256.png,data/processed/seg_patches/masks/demo_seg_12_m20_y512_x256.png,demo_seg_12,20,0.0
data/processed/seg_patches/images/demo_seg_12_m20_y512_x1024.png,data/processed/seg_patches/masks/demo_seg_12_m20_y512_x1024.png,demo_seg_12,20,0.0303
data/processed/seg_patches/images/demo_seg_12_m20_y512_x1536.png,data/processed/seg_patches/masks/demo_seg_12_m20_y512_x1536.png,demo_seg_12,20,0.0
data/processed/seg_patches/images/demo_seg_12_m20_y512_x1792.png,data/processed/seg_patches/masks/demo_seg_12_m20_y512_x1792.png,demo_seg_12,20,0.0
data/processed/seg_patches/images/demo_seg_12_m20_y768_x768.png,data/processed/seg_patches/masks/demo_seg_12_m20_y768_x768.png,demo_seg_12,20,0.926
data/processed/seg_patches/images/demo_seg_12_m20_y768_x1024.png,data/processed/seg_patches/masks/demo_seg_12_m20_y768_x1024.png,demo_seg_12,20,0.0402
data/processed/seg_patches/images/demo_seg_12_m20_y768_x1280.png,data/processed/seg_patches/masks/demo_seg_12_m20_y768_x1280.png,demo_seg_12,20,0.0
data/processed/seg_patches/images/demo_seg_12_m20_y768_x1536.png,data/processed/seg_patches/masks/demo_seg_12_m20_y768_x1536.png,demo_seg_12,20,0.0
data/processed/seg_patches/images/demo_seg_12_m20_y768_x1792.png,data/processed/seg_patches/masks/demo_seg_12_m20_y768_x1792.png,demo_seg_12,20,0.0
data/processed/seg_patches/images/demo_seg_12_m20_y1024_x0.png,data/processed/seg_patches/masks/demo_seg_12_m20_y1024_x0.png,demo_seg_12,20,0.0
data/processed/seg_patches/images/demo_seg_12_m20_y1024_x256.png,data/processed/seg_patches/masks/demo_seg_12_m20_y1024_x256.png,demo_seg_12,20,0.0601
data/processed/seg_patches/images/demo_seg_12_m20_y1024_x512.png,data/processed/seg_patches/masks/demo_seg_12_m20_y1024_x512.png,demo_seg_12,20,0.6496
data/processed/seg_patches/images/demo_seg_12_m20_y1024_x768.png,data/processed/seg_patches/masks/demo_seg_12_m20_y1024_x768.png,demo_seg_12,20,0.5621
data/processed/seg_patches/images/demo_seg_12_m20_y1024_x1024.png,data/processed/seg_patches/masks/demo_seg_12_m20_y1024_x1024.png,demo_seg_12,20,0.0
data/processed/seg_patches/images/demo_seg_12_m20_y1024_x1536.png,data/processed/seg_patches/masks/demo_seg_12_m20_y1024_x1536.png,demo_seg_12,20,0.0
data/processed/seg_patches/images/demo_seg_12_m20_y1024_x1792.png,data/processed/seg_patches/masks/demo_seg_12_m20_y1024_x1792.png,demo_seg_12,20,0.0
data/processed/seg_patches/images/demo_seg_12_m20_y1280_x0.png,data/processed/seg_patches/masks/demo_seg_12_m20_y1280_x0.png,demo_seg_12,20,0.0
data/processed/seg_patches/images/demo_seg_12_m20_y1280_x256.png,data/processed/seg_patches/masks/demo_seg_12_m20_y1280_x256.png,demo_seg_12,20,0.1545
data/processed/seg_patches/images/demo_seg_12_m20_y1280_x512.png,data/processed/seg_patches/masks/demo_seg_12_m20_y1280_x512.png,demo_seg_12,20,0.8059
data/processed/seg_patches/images/demo_seg_12_m20_y1280_x768.png,data/processed/seg_patches/masks/demo_seg_12_m20_y1280_x768.png,demo_seg_12,20,0.4247
data/processed/seg_patches/images/demo_seg_12_m20_y1280_x1024.png,data/processed/seg_patches/masks/demo_seg_12_m20_y1280_x1024.png,demo_seg_12,20,0.0
data/processed/seg_patches/images/demo_seg_12_m20_y1280_x1536.png,data/processed/seg_patches/masks/demo_seg_12_m20_y1280_x1536.png,demo_seg_12,20,0.0
data/processed/seg_patches/images/demo_seg_12_m20_y1280_x1792.png,data/processed/seg_patches/masks/demo_seg_12_m20_y1280_x1792.png,demo_seg_12,20,0.0
data/processed/seg_patches/images/demo_seg_12_m20_y1536_x0.png,data/processed/seg_patches/masks/demo_seg_12_m20_y1536_x0.png,demo_seg_12,20,0.0
data/processed/seg_patches/images/demo_seg_12_m20_y1536_x256.png,data/processed/seg_patches/masks/demo_seg_12_m20_y1536_x256.png,demo_seg_12,20,0.0
data/processed/seg_patches/images/demo_seg_12_m20_y1536_x512.png,data/processed/seg_patches/masks/demo_seg_12_m20_y1536_x512.png,demo_seg_12,20,0.0
data/processed/seg_patches/images/demo_seg_12_m20_y1536_x1536.png,data/processed/seg_patches/masks/demo_seg_12_m20_y1536_x1536.png,demo_seg_12,20,0.0
data/processed/seg_patches/images/demo_seg_12_m20_y1536_x1792.png,data/processed/seg_patches/masks/demo_seg_12_m20_y1536_x1792.png,demo_seg_12,20,0.0
data/processed/seg_patches/images/demo_seg_12_m20_y1792_x0.png,data/processed/seg_patches/masks/demo_seg_12_m20_y1792_x0.png,demo_seg_12,20,0.0
data/processed/seg_patches/images/demo_seg_12_m20_y1792_x1280.png,data/processed/seg_patches/masks/demo_seg_12_m20_y1792_x1280.png,demo_seg_12,20,0.0
data/processed/seg_patches/images/demo_seg_12_m20_y1792_x1536.png,data/processed/seg_patches/masks/demo_seg_12_m20_y1792_x1536.png,demo_seg_12,20,0.0
data/processed/seg_patches/images/demo_seg_12_m20_y1792_x1792.png,data/processed/seg_patches/masks/demo_seg_12_m20_y1792_x1792.png,demo_seg_12,20,0.0
data/processed/seg_patches/images/demo_seg_13_m5_y0_x0.png,data/processed/seg_patches/masks/demo_seg_13_m5_y0_x0.png,demo_seg_13,5,0.0533
data/processed/seg_patches/images/demo_seg_13_m5_y0_x256.png,data/processed/seg_patches/masks/demo_seg_13_m5_y0_x256.png,demo_seg_13,5,0.2142
data/processed/seg_patches/images/demo_seg_13_m5_y256_x0.png,data/processed/seg_patches/masks/demo_seg_13_m5_y256_x0.png,demo_seg_13,5,0.0001
data/processed/seg_patches/images/demo_seg_13_m5_y256_x256.png,data/processed/seg_patches/masks/demo_seg_13_m5_y256_x256.png,demo_seg_13,5,0.0462
data/processed/seg_patches/images/demo_seg_13_m10_y0_x0.png,data/processed/seg_patches/masks/demo_seg_13_m10_y0_x0.png,demo_seg_13,10,0.0
data/processed/seg_patches/images/demo_seg_13_m10_y0_x256.png,data/processed/seg_patches/masks/demo_seg_13_m10_y0_x256.png,demo_seg_13,10,0.0
data/processed/seg_patches/images/demo_seg_13_m10_y0_x512.png,data/processed/seg_patches/masks/demo_seg_13_m10_y0_x512.png,demo_seg_13,10,0.0274
data/processed/seg_patches/images/demo_seg_13_m10_y0_x768.png,data/processed/seg_patches/masks/demo_seg_13_m10_y0_x768.png,demo_seg_13,10,0.0
data/processed/seg_patches/images/demo_seg_13_m10_y256_x0.png,data/processed/seg_patches/masks/demo_seg_13_m10_y256_x0.png,demo_seg_13,10,0.0
data/processed/seg_patches/images/demo_seg_13_m10_y256_x256.png,data/processed/seg_patches/masks/demo_seg_13_m10_y256_x256.png,demo_seg_13,10,0.2154
data/processed/seg_patches/images/demo_seg_13_m10_y256_x512.png,data/processed/seg_patches/masks/demo_seg_13_m10_y256_x512.png,demo_seg_13,10,0.7224
data/processed/seg_patches/images/demo_seg_13_m10_y256_x768.png,data/processed/seg_patches/masks/demo_seg_13_m10_y256_x768.png,demo_seg_13,10,0.1075
data/processed/seg_patches/images/demo_seg_13_m10_y512_x0.png,data/processed/seg_patches/masks/demo_seg_13_m10_y512_x0.png,demo_seg_13,10,0.0
data/processed/seg_patches/images/demo_seg_13_m10_y512_x256.png,data/processed/seg_patches/masks/demo_seg_13_m10_y512_x256.png,demo_seg_13,10,0.0002
data/processed/seg_patches/images/demo_seg_13_m10_y512_x512.png,data/processed/seg_patches/masks/demo_seg_13_m10_y512_x512.png,demo_seg_13,10,0.1406
data/processed/seg_patches/images/demo_seg_13_m10_y512_x768.png,data/processed/seg_patches/masks/demo_seg_13_m10_y512_x768.png,demo_seg_13,10,0.0414
data/processed/seg_patches/images/demo_seg_13_m10_y768_x256.png,data/processed/seg_patches/masks/demo_seg_13_m10_y768_x256.png,demo_seg_13,10,0.0
data/processed/seg_patches/images/demo_seg_13_m10_y768_x512.png,data/processed/seg_patches/masks/demo_seg_13_m10_y768_x512.png,demo_seg_13,10,0.0
data/processed/seg_patches/images/demo_seg_13_m20_y0_x0.png,data/processed/seg_patches/masks/demo_seg_13_m20_y0_x0.png,demo_seg_13,20,0.0
data/processed/seg_patches/images/demo_seg_13_m20_y0_x256.png,data/processed/seg_patches/masks/demo_seg_13_m20_y0_x256.png,demo_seg_13,20,0.0
data/processed/seg_patches/images/demo_seg_13_m20_y0_x512.png,data/processed/seg_patches/masks/demo_seg_13_m20_y0_x512.png,demo_seg_13,20,0.0
data/processed/seg_patches/images/demo_seg_13_m20_y0_x768.png,data/processed/seg_patches/masks/demo_seg_13_m20_y0_x768.png,demo_seg_13,20,0.0
data/processed/seg_patches/images/demo_seg_13_m20_y0_x1024.png,data/processed/seg_patches/masks/demo_seg_13_m20_y0_x1024.png,demo_seg_13,20,0.0
data/processed/seg_patches/images/demo_seg_13_m20_y0_x1280.png,data/processed/seg_patches/masks/demo_seg_13_m20_y0_x1280.png,demo_seg_13,20,0.0
data/processed/seg_patches/images/demo_seg_13_m20_y0_x1536.png,data/processed/seg_patches/masks/demo_seg_13_m20_y0_x1536.png,demo_seg_13,20,0.0
data/processed/seg_patches/images/demo_seg_13_m20_y256_x0.png,data/processed/seg_patches/masks/demo_seg_13_m20_y256_x0.png,demo_seg_13,20,0.0
data/processed/seg_patches/images/demo_seg_13_m20_y256_x256.png,data/processed/seg_patches/masks/demo_seg_13_m20_y256_x256.png,demo_seg_13,20,0.0
data/processed/seg_patches/images/demo_seg_13_m20_y256_x1024.png,data/processed/seg_patches/masks/demo_seg_13_m20_y256_x1024.png,demo_seg_13,20,0.1113
data/processed/seg_patches/images/demo_seg_13_m20_y256_x1280.png,data/processed/seg_patches/masks/demo_seg_13_m20_y256_x1280.png,demo_seg_13,20,0.0
data/processed/seg_patches/images/demo_seg_13_m20_y256_x1536.png,data/processed/seg_patches/masks/demo_seg_13_m20_y256_x1536.png,demo_seg_13,20,0.0
data/processed/seg_patches/images/demo_seg_13_m20_y512_x0.png,data/processed/seg_patches/masks/demo_seg_13_m20_y512_x0.png,demo_seg_13,20,0.0
data/processed/seg_patches/images/demo_seg_13_m20_y512_x256.png,data/processed/seg_patches/masks/demo_seg_13_m20_y512_x256.png,demo_seg_13,20,0.0
data/processed/seg_patches/images/demo_seg_13_m20_y512_x512.png,data/processed/seg_patches/masks/demo_seg_13_m20_y512_x512.png,demo_seg_13,20,0.0
data/processed/seg_patches/images/demo_seg_13_m20_y512_x768.png,data/processed/seg_patches/masks/demo_seg_13_m20_y512_x768.png,demo_seg_13,20,0.5018
data/processed/seg_patches/images/demo_seg_13_m20_y512_x1024.png,data/processed/seg_patches/masks/demo_seg_13_m20_y512_x1024.png,demo_seg_13,20,0.9966
data/processed/seg_patches/images/demo_seg_13_m20_y512_x1280.png,data/processed/seg_patches/masks/demo_seg_13_m20_y512_x1280.png,demo_seg_13,20,0.1042
data/processed/seg_patches/images/demo_seg_13_m20_y512_x1536.png,data/processed/seg_patches/masks/demo_seg_13_m20_y512_x1536.png,demo_seg_13,20,0.0
data/processed/seg_patches/images/demo_seg_13_m20_y768_x0.png,data/processed/seg_patches/masks/demo_seg_13_m20_y768_x0.png,demo_seg_13,20,0.0
data/processed/seg_patches/images/demo_seg_13_m20_y768_x256.png,data/processed/seg_patches/masks/demo_seg_13_m20_y768_x256.png,demo_seg_13,20,0.0
data/processed/seg_patches/images/demo_seg_13_m20_y768_x512.png,data/processed/seg_patches/masks/demo_seg_13_m20_y768_x512.png,demo_seg_13,20,0.0
data/processed/seg_patches/images/demo_seg_13_m20_y768_x768.png,data/processed/seg_patches/masks/demo_seg_13_m20_y768_x768.png,demo_seg_13,20,0.3633
data/processed/seg_patches/images/demo_seg_13_m20_y768_x1024.png,data/processed/seg_patches/masks/demo_seg_13_m20_y768_x1024.png,demo_seg_13,20,0.9965
data/processed/seg_patches/images/demo_seg_13_m20_y768_x1280.png,data/processed/seg_patches/masks/demo_seg_13_m20_y768_x1280.png,demo_seg_13,20,0.792
data/processed/seg_patches/images/demo_seg_13_m20_y768_x1536.png,data/processed/seg_patches/masks/demo_seg_13_m20_y768_x1536.png,demo_seg_13,20,0.4293
data/processed/seg_patches/images/demo_seg_13_m20_y768_x1792.png,data/processed/seg_patches/masks/demo_seg_13_m20_y768_x1792.png,demo_seg_13,20,0.0
data/processed/seg_patches/images/demo_seg_13_m20_y1024_x0.png,data/processed/seg_patches/masks/demo_seg_13_m20_y1024_x0.png,demo_seg_13,20,0.0
data/processed/seg_patches/images/demo_seg_13_m20_y1024_x256.png,data/processed/seg_patches/masks/demo_seg_13_m20_y1024_x256.png,demo_seg_13,20,0.0
data/processed/seg_patches/images/demo_seg_13_m20_y1024_x512.png,data/processed/seg_patches/masks/demo_seg_13_m20_y1024_x512.png,demo_seg_13,20,0.0
data/processed/seg_patches/images/demo_seg_13_m20_y1024_x768.png,data/processed/seg_patches/masks/demo_seg_13_m20_y1024_x768.png,demo_seg_13,20,0.0011
data/processed/seg_patches/images/demo_seg_13_m20_y1024_x1024.png,data/processed/seg_patches/masks/demo_seg_13_m20_y1024_x1024.png,demo_seg_13,20,0.2666
data/processed/seg_patches/images/demo_seg_13_m20_y1024_x1280.png,data/processed/seg_patches/masks/demo_seg_13_m20_y1024_x1280.png,demo_seg_13,20,0.2924
data/processed/seg_patches/images/demo_seg_13_m20_y1024_x1536.png,data/processed/seg_patches/masks/demo_seg_13_m20_y1024_x1536.png,demo_seg_13,20,0.1638
data/processed/seg_patches/images/demo_seg_13_m20_y1024_x1792.png,data/processed/seg_patches/masks/demo_seg_13_m20_y1024_x1792.png,demo_seg_13,20,0.0
data/processed/seg_patches/images/demo_seg_13_m20_y1280_x0.png,data/processed/seg_patches/masks/demo_seg_13_m20_y1280_x0.png,demo_seg_13,20,0.0
data/processed/seg_patches/images/demo_seg_13_m20_y1280_x256.png,data/processed/seg_patches/masks/demo_seg_13_m20_y1280_x256.png,demo_seg_13,20,0.0
data/processed/seg_patches/images/demo_seg_13_m20_y1280_x512.png,data/processed/seg_patches/masks/demo_seg_13_m20_y1280_x512.png,demo_seg_13,20,0.0
data/processed/seg_patches/images/demo_seg_13_m20_y1280_x768.png,data/processed/seg_patches/masks/demo_seg_13_m20_y1280_x768.png,demo_seg_13,20,0.0
data/processed/seg_patches/images/demo_seg_13_m20_y1280_x1280.png,data/processed/seg_patches/masks/demo_seg_13_m20_y1280_x1280.png,demo_seg_13,20,0.0
data/processed/seg_patches/images/demo_seg_13_m20_y1280_x1536.png,data/processed/seg_patches/masks/demo_seg_13_m20_y1280_x1536.png,demo_seg_13,20,0.0
data/processed/seg_patches/images/demo_seg_13_m20_y1280_x1792.png,data/processed/seg_patches/masks/demo_seg_13_m20_y1280_x1792.png,demo_seg_13,20,0.0
data/processed/seg_patches/images/demo_seg_13_m20_y1536_x0.png,data/processed/seg_patches/masks/demo_seg_13_m20_y1536_x0.png,demo_seg_13,20,0.0
data/processed/seg_patches/images/demo_seg_13_m20_y1536_x256.png,data/processed/seg_patches/masks/demo_seg_13_m20_y1536_x256.png,demo_seg_13,20,0.0
data/processed/seg_patches/images/demo_seg_13_m20_y1536_x512.png,data/processed/seg_patches/masks/demo_seg_13_m20_y1536_x512.png,demo_seg_13,20,0.0
data/processed/seg_patches/images/demo_seg_13_m20_y1536_x768.png,data/processed/seg_patches/masks/demo_seg_13_m20_y1536_x768.png,demo_seg_13,20,0.0
data/processed/seg_patches/images/demo_seg_13_m20_y1536_x1024.png,data/processed/seg_patches/masks/demo_seg_13_m20_y1536_x1024.png,demo_seg_13,20,0.0
data/processed/seg_patches/images/demo_seg_13_m20_y1536_x1280.png,data/processed/seg_patches/masks/demo_seg_13_m20_y1536_x1280.png,demo_seg_13,20,0.0
data/processed/seg_patches/images/demo_seg_13_m20_y1536_x1536.png,data/processed/seg_patches/masks/demo_seg_13_m20_y1536_x1536.png,demo_seg_13,20,0.0
data/processed/seg_patches/images/demo_seg_13_m20_y1536_x1792.png,data/processed/seg_patches/masks/demo_seg_13_m20_y1536_x1792.png,demo_seg_13,20,0.0
data/processed/seg_patches/images/demo_seg_13_m20_y1792_x512.png,data/processed/seg_patches/masks/demo_seg_13_m20_y1792_x512.png,demo_seg_13,20,0.0
data/processed/seg_patches/images/demo_seg_13_m20_y1792_x768.png,data/processed/seg_patches/masks/demo_seg_13_m20_y1792_x768.png,demo_seg_13,20,0.0
data/processed/seg_patches/images/demo_seg_13_m20_y1792_x1024.png,data/processed/seg_patches/masks/demo_seg_13_m20_y1792_x1024.png,demo_seg_13,20,0.0
data/processed/seg_patches/images/demo_seg_13_m20_y1792_x1280.png,data/processed/seg_patches/masks/demo_seg_13_m20_y1792_x1280.png,demo_seg_13,20,0.0
